1.123840510845184326e-01,2.484888210892677307e-02,-1.756868243217468262e+00,-1.885582447052001953e+00,-8.523939177393913269e-03,2.476967126131057739e-02
2.214322239160537720e-01,-1.473168134689331055e-01,-1.306158423423767090e+00,-1.989836573600769043e+00,-5.490589886903762817e-03,2.633123844861984253e-02
2.345620095729827881e-01,2.485129609704017639e-02,-1.287524819374084473e+00,-1.993320465087890625e+00,-3.767790272831916809e-03,2.559084445238113403e-02
2.315632551908493042e-01,2.151180952787399292e-01,-1.271198630332946777e+00,-1.982560634613037109e+00,-2.277655526995658875e-03,2.294142171740531921e-02
1.178449913859367371e-01,2.703564241528511047e-02,-1.006688117980957031e+00,-1.983879208564758301e+00,-7.316004484891891479e-04,2.558695152401924133e-02
1.530061811208724976e-01,2.400756254792213440e-02,-7.566893696784973145e-01,-1.986159324645996094e+00,-2.204440534114837646e-05,2.194716408848762512e-02
4.329811334609985352e-01,2.929641678929328918e-02,-7.576252818107604980e-01,-1.984121084213256836e+00,-8.191913366317749023e-05,1.769906282424926758e-02
8.451949059963226318e-02,2.527854219079017639e-02,-5.556043386459350586e-01,-1.980690479278564453e+00,2.666350454092025757e-03,1.795862987637519836e-02
2.143343240022659302e-01,-1.525368541479110718e-01,-3.786985576152801514e-01,-1.969279527664184570e+00,1.299010589718818665e-03,1.354304328560829163e-02
2.099861949682235718e-01,2.831201627850532532e-02,-3.771464824676513672e-01,-1.970393180847167969e+00,2.977827563881874084e-03,1.267303153872489929e-02
2.124518305063247681e-01,2.163312137126922607e-01,-3.662507236003875732e-01,-1.969212889671325684e+00,4.483079537749290466e-03,1.012112200260162354e-02
3.347737193107604980e-01,2.782403305172920227e-02,-2.055537998676300049e-01,-1.933694958686828613e+00,3.457922488451004028e-03,9.121112525463104248e-03
-6.010303646326065063e-02,2.101192250847816467e-02,-5.551330745220184326e-02,-1.890226840972900391e+00,5.362441763281822205e-03,1.277316361665725708e-02
2.261298745870590210e-01,3.086889162659645081e-02,-4.986308887600898743e-02,-1.885014653205871582e+00,3.649946302175521851e-03,9.232297539710998535e-03
5.402715504169464111e-02,1.550434902310371399e-02,1.148058101534843445e-01,-1.904915094375610352e+00,1.238566823303699493e-02,7.585369050502777100e-03
3.491456806659698486e-01,1.808463409543037415e-02,1.184694245457649231e-01,-1.896638154983520508e+00,1.174479257315397263e-02,3.972731530666351318e-03
2.675525099039077759e-02,1.210917904973030090e-02,2.664635479450225830e-01,-1.969093680381774902e+00,1.620167866349220276e-02,5.619637668132781982e-03
1.347534358501434326e-01,-1.548343598842620850e-01,4.221973717212677002e-01,-1.990837454795837402e+00,1.454027369618415833e-02,3.508381545543670654e-03
1.704843044281005859e-01,1.069833710789680481e-02,4.305377304553985596e-01,-1.996680974960327148e+00,1.457174494862556458e-02,3.007013350725173950e-03
1.498136073350906372e-01,2.126097530126571655e-01,4.331324100494384766e-01,-2.002338886260986328e+00,1.629233360290527344e-02,1.670520752668380737e-03
2.579272091388702393e-01,-1.624203771352767944e-01,6.135331988334655762e-01,-1.987398624420166016e+00,1.416417583823204041e-02,1.166261732578277588e-03
2.879133522510528564e-01,1.233081892132759094e-02,6.286945939064025879e-01,-1.979305028915405273e+00,1.483144052326679230e-02,4.927031695842742920e-04
2.889495790004730225e-01,2.104507237672805786e-01,6.393076181411743164e-01,-1.956041574478149414e+00,1.584170013666152954e-02,-1.729916781187057495e-03
9.913938492536544800e-02,-1.631506681442260742e-01,8.276239037513732910e-01,-1.998168945312500000e+00,1.810335181653499603e-02,1.692377030849456787e-03
1.105999350547790527e-01,4.441548138856887817e-03,8.382542729377746582e-01,-1.995491504669189453e+00,1.801342889666557312e-02,1.282934099435806274e-03
1.065050214529037476e-01,2.101520448923110962e-01,8.452531099319458008e-01,-1.994748711585998535e+00,1.942151412367820740e-02,-2.238899469375610352e-04
2.481528669595718384e-01,6.191808730363845825e-03,1.068881869316101074e+00,-1.988053560256958008e+00,2.095120772719383240e-02,1.914642751216888428e-03
7.054115086793899536e-02,-3.748621791601181030e-03,1.377756714820861816e+00,-1.962935209274291992e+00,2.833461575210094452e-02,6.677523255348205566e-03
3.570671379566192627e-01,4.858039319515228271e-04,1.368397831916809082e+00,-1.938892722129821777e+00,2.746983245015144348e-02,2.840600907802581787e-03
-6.274519115686416626e-02,-8.393008261919021606e-03,1.902512311935424805e+00,-1.880176424980163574e+00,3.863259404897689819e-02,1.010454446077346802e-02
2.103360295295715332e-01,-4.956629127264022827e-03,1.898015141487121582e+00,-1.873633623123168945e+00,3.677370399236679077e-02,7.713355123996734619e-03
8.716505020856857300e-02,2.820387855172157288e-02,-1.823035359382629395e+00,-1.404333114624023438e+00,-8.138759061694145203e-03,1.213533058762550354e-02
9.768115729093551636e-02,2.764329686760902405e-02,-1.824561238288879395e+00,-1.404307842254638672e+00,-8.237747475504875183e-03,1.200566440820693970e-02
3.843178153038024902e-01,3.466032817959785461e-02,-1.825602889060974121e+00,-1.411943435668945312e+00,-8.975861594080924988e-03,7.903128862380981445e-03
-7.020231336355209351e-02,1.931061223149299622e-02,-1.359845280647277832e+00,-1.458573698997497559e+00,-3.217270597815513611e-03,1.513910666108131409e-02
3.639575839042663574e-01,-1.375594735145568848e-01,-1.055778741836547852e+00,-1.506643652915954590e+00,-4.008384421467781067e-03,1.026593148708343506e-02
3.741452097892761230e-01,3.644420579075813293e-02,-1.048417448997497559e+00,-1.503697872161865234e+00,-2.418557181954383850e-03,9.011246263980865479e-03
9.330403059720993042e-02,2.240688651800155640e-01,-1.024192810058593750e+00,-1.487249851226806641e+00,3.251191228628158569e-04,1.059953123331069946e-02
2.028163820505142212e-01,-1.408942490816116333e-01,-8.163349032402038574e-01,-1.508906602859497070e+00,-2.284349873661994934e-03,9.395714849233627319e-03
1.993398964405059814e-01,3.369345143437385559e-02,-7.952186465263366699e-01,-1.502145767211914062e+00,-4.274118691682815552e-04,7.978513836860656738e-03
1.992657780647277832e-01,2.203004211187362671e-01,-7.838209271430969238e-01,-1.499941349029541016e+00,1.528641209006309509e-03,5.514416843652725220e-03
4.524783790111541748e-02,-1.451187431812286377e-01,-5.857530236244201660e-01,-1.517042517662048340e+00,2.438593655824661255e-03,6.863519549369812012e-03
9.933138638734817505e-02,3.066775575280189514e-02,-5.784409642219543457e-01,-1.510892629623413086e+00,3.524964675307273865e-03,4.654627293348312378e-03
8.637888729572296143e-02,2.239237874746322632e-01,-5.707067847251892090e-01,-1.510276079177856445e+00,5.416763946413993835e-03,2.579569816589355469e-03
1.875321567058563232e-01,-1.461497098207473755e-01,-3.912337124347686768e-01,-1.512340188026428223e+00,3.143180161714553833e-03,6.808266043663024902e-04
2.041834443807601929e-01,2.804284170269966125e-02,-3.839267790317535400e-01,-1.505377292633056641e+00,4.320843145251274109e-03,-7.258430123329162598e-04
1.998302191495895386e-01,2.193002253770828247e-01,-3.803748190402984619e-01,-1.506179809570312500e+00,6.113789975643157959e-03,-2.716392278671264648e-03
5.710268765687942505e-02,-1.462632864713668823e-01,-2.183890044689178467e-01,-1.506562709808349609e+00,4.604509100317955017e-03,1.511819660663604736e-03
6.890388578176498413e-02,2.822836115956306458e-02,-2.099940776824951172e-01,-1.495417594909667969e+00,5.228281021118164062e-03,5.372613668441772461e-05
5.302365124225616455e-02,2.164662033319473267e-01,-1.990967094898223877e-01,-1.485932588577270508e+00,6.714971736073493958e-03,-1.581821590662002563e-03
1.822204589843750000e-01,-1.427133977413177490e-01,-6.631954014301300049e-02,-1.488522410392761230e+00,3.025449812412261963e-03,-1.226566731929779053e-03
1.827898919582366943e-01,2.853133156895637512e-02,-5.444853380322456360e-02,-1.471252918243408203e+00,3.827596083283424377e-03,-2.063445746898651123e-03
4.584205150604248047e-01,2.132339924573898315e-01,-3.668432682752609253e-02,-1.464168787002563477e+00,5.969539284706115723e-03,-6.938844919204711914e-03
2.342715412378311157e-01,2.267912402749061584e-02,1.199390068650245667e-01,-1.471711993217468262e+00,1.091325655579566956e-02,-5.032561719417572021e-03
2.300363481044769287e-01,2.085112780332565308e-01,1.310827434062957764e-01,-1.471068143844604492e+00,1.330363377928733826e-02,-7.020160555839538574e-03
4.565428942441940308e-02,-1.464328020811080933e-01,2.716977894306182861e-01,-1.483877897262573242e+00,1.569367200136184692e-02,-6.021244451403617859e-03
5.173055827617645264e-02,1.385648921132087708e-02,2.852219045162200928e-01,-1.488430023193359375e+00,1.629721559584140778e-02,-6.397867575287818909e-03
1.816034913063049316e-01,-1.522408723831176758e-01,4.433367252349853516e-01,-1.510455250740051270e+00,1.345533877611160278e-02,-9.086333215236663818e-03
1.936753541231155396e-01,2.533492818474769592e-02,4.506270885467529297e-01,-1.505804300308227539e+00,1.412088051438331604e-02,-9.600728750228881836e-03
2.157254666090011597e-01,1.965406909584999084e-02,6.557766795158386230e-01,-1.488916635513305664e+00,1.457159221172332764e-02,-1.078923977911472321e-02
-3.753719851374626160e-02,-1.646263748407363892e-01,8.529546856880187988e-01,-1.485398054122924805e+00,1.867964118719100952e-02,-9.722122922539710999e-03
-3.454740718007087708e-02,3.804851323366165161e-03,8.631985187530517578e-01,-1.475533008575439453e+00,1.915170252323150635e-02,-9.760068729519844055e-03
-2.811039239168167114e-02,2.078554630279541016e-01,8.690180778503417969e-01,-1.472272515296936035e+00,2.062199451029300690e-02,-1.143035478889942169e-02
3.496597409248352051e-01,-1.630344390869140625e-01,1.096055507659912109e+00,-1.458870887756347656e+00,2.114161103963851929e-02,-1.129067502915859222e-02
3.581907153129577637e-01,6.883282214403152466e-03,1.108945965766906738e+00,-1.448260307312011719e+00,2.199453115463256836e-02,-1.151718199253082275e-02
3.626216650009155273e-01,7.237900048494338989e-03,1.109081864356994629e+00,-1.448309183120727539e+00,2.199618704617023468e-02,-1.154834777116775513e-02
2.030929327011108398e-01,-1.655164211988449097e-01,1.433551669120788574e+00,-1.451009511947631836e+00,2.858746238052845001e-02,-6.668034940958023071e-03
2.004767656326293945e-01,3.434199839830398560e-03,1.416864991188049316e+00,-1.443389892578125000e+00,2.841941267251968384e-02,-6.816573441028594971e-03
1.881527751684188843e-01,2.086379379034042358e-01,1.436934232711791992e+00,-1.440032601356506348e+00,3.116459026932716370e-02,-8.902680128812789917e-03
2.841100096702575684e-01,-1.657030433416366577e-01,2.007226705551147461e+00,-1.398047208786010742e+00,3.963313624262809753e-02,-3.905668854713439941e-03
2.675777077674865723e-01,1.633297652006149292e-03,1.979130387306213379e+00,-1.389029264450073242e+00,3.941204771399497986e-02,-4.417872056365013123e-03
2.712316215038299561e-01,2.012783139944076538e-01,1.985924839973449707e+00,-1.383069992065429688e+00,4.167082905769348145e-02,-6.830397993326187134e-03
7.662063837051391602e-02,-1.398263871669769287e-01,-1.888172745704650879e+00,-1.135136723518371582e+00,-9.305456653237342834e-03,6.548881530761718750e-03
7.821775227785110474e-02,2.750966325402259827e-02,-1.830469012260437012e+00,-1.138804316520690918e+00,-7.394202053546905518e-03,5.987979471683502197e-03
7.915982604026794434e-02,2.176130264997482300e-01,-1.823071002960205078e+00,-1.140938520431518555e+00,-5.737455561757087708e-03,4.034362733364105225e-03
1.149936690926551819e-01,-1.409305483102798462e-01,-1.373610019683837891e+00,-1.166811585426330566e+00,-4.465337842702865601e-03,7.489077746868133545e-03
1.304362863302230835e-01,3.186978772282600403e-02,-1.339132308959960938e+00,-1.172043681144714355e+00,-3.185512498021125793e-03,6.605342030525207520e-03
1.322714984416961670e-01,2.233642488718032837e-01,-1.317184448242187500e+00,-1.172320365905761719e+00,-1.323467120528221130e-03,4.334166646003723145e-03
1.940421015024185181e-01,2.969810739159584045e-02,-1.039320945739746094e+00,-1.190808773040771484e+00,-2.405827865004539490e-03,4.591975361108779907e-03
-4.167791828513145447e-02,2.477223053574562073e-02,-8.001734614372253418e-01,-1.200396418571472168e+00,8.913651108741760254e-04,4.547916352748870850e-03
-2.914046496152877808e-02,2.090800181031227112e-02,-7.990923523902893066e-01,-1.200386285781860352e+00,8.803214877843856812e-04,4.545070230960845947e-03
3.075765371322631836e-01,3.558098152279853821e-02,-5.991817116737365723e-01,-1.202474117279052734e+00,1.764683052897453308e-03,-4.450786858797073364e-03
5.984523296356201172e-01,4.507957026362419128e-02,-5.975542664527893066e-01,-1.200561523437500000e+00,2.277070656418800354e-03,-7.732622325420379639e-03
1.297709345817565918e-01,3.126186504960060120e-02,-3.758223950862884521e-01,-1.190226078033447266e+00,5.208263173699378967e-03,-5.803486332297325134e-03
4.130676686763763428e-01,3.748215362429618835e-02,-3.765495121479034424e-01,-1.189752697944641113e+00,4.648366943001747131e-03,-1.000716909766197205e-02
-3.063030540943145752e-02,2.183714881539344788e-02,-2.080470323562622070e-01,-1.184716463088989258e+00,6.393274292349815369e-03,-5.470123142004013062e-03
2.411951869726181030e-01,2.956474199891090393e-02,-2.054159343242645264e-01,-1.183815479278564453e+00,4.398861899971961975e-03,-8.936390280723571777e-03
4.349769353866577148e-01,3.665344789624214172e-02,-3.204488754272460938e-02,-1.157078266143798828e+00,5.081919953227043152e-03,-1.209587603807449341e-02
2.201924920082092285e-01,2.408060804009437561e-02,1.316280961036682129e-01,-1.155088424682617188e+00,1.089114043861627579e-02,-9.892173111438751221e-03
2.092552036046981812e-01,2.122263014316558838e-01,1.378504931926727295e-01,-1.167135715484619141e+00,1.318026613444089890e-02,-1.165058836340904236e-02
4.260703548789024353e-02,-1.487980335950851440e-01,2.879044115543365479e-01,-1.164217948913574219e+00,1.534182019531726837e-02,-1.167207583785057068e-02
2.791813760995864868e-02,1.672090962529182434e-02,2.998798191547393799e-01,-1.164239525794982910e+00,1.608099788427352905e-02,-1.181839965283870697e-02
3.132471442222595215e-01,2.212833762168884277e-01,3.135606348514556885e-01,-1.158592700958251953e+00,1.729148626327514648e-02,-1.719861663877964020e-02
3.088479861617088318e-02,1.700149849057197571e-02,4.579025208950042725e-01,-1.164899468421936035e+00,1.448814570903778076e-02,-1.414148136973381042e-02
1.945035159587860107e-02,2.142984867095947266e-01,4.727584421634674072e-01,-1.160000801086425781e+00,1.603650674223899841e-02,-1.576693728566169739e-02
1.633677929639816284e-01,-1.550420224666595459e-01,6.637455224990844727e-01,-1.147957324981689453e+00,1.336712576448917389e-02,-1.601678691804409027e-02
1.611680835485458374e-01,1.306184008717536926e-02,6.660991311073303223e-01,-1.151264548301696777e+00,1.386283151805400848e-02,-1.588763669133186340e-02
1.724826842546463013e-01,2.121773660182952881e-01,6.816083788871765137e-01,-1.151809453964233398e+00,1.546076498925685883e-02,-1.750806719064712524e-02
1.208042129874229431e-01,1.570813730359077454e-02,8.728027939796447754e-01,-1.124999523162841797e+00,1.760748028755187988e-02,-1.649252325296401978e-02
4.000363945960998535e-01,2.133942022919654846e-02,8.815962076187133789e-01,-1.119369029998779297e+00,1.675870083272457123e-02,-1.937375962734222412e-02
9.870187938213348389e-02,8.895594626665115356e-03,1.121524691581726074e+00,-1.101066589355468750e+00,2.196685969829559326e-02,-1.379699073731899261e-02
3.814712464809417725e-01,1.909950748085975647e-02,1.122860312461853027e+00,-1.099436759948730469e+00,2.136352285742759705e-02,-1.634620316326618195e-02
7.656830549240112305e-02,3.742847591638565063e-03,1.448250770568847656e+00,-1.086068272590637207e+00,2.968158945441246033e-02,-1.110517047345638275e-02
-2.859659492969512939e-02,-1.681957095861434937e-01,2.035443544387817383e+00,-1.042839050292968750e+00,4.050794243812561035e-02,-6.421513855457305908e-03
2.436155527830123901e-01,4.835482686758041382e-03,1.986078381538391113e+00,-1.043159961700439453e+00,3.902774676680564880e-02,-9.616794064640998840e-03
2.366533726453781128e-01,1.997213363647460938e-01,1.974198222160339355e+00,-1.047913312911987305e+00,4.087440669536590576e-02,-1.182351820170879364e-02
1.678386032581329346e-01,2.635781839489936829e-02,-1.816934585571289062e+00,-9.130816459655761719e-01,-4.232021048665046692e-03,3.608621656894683838e-03
4.450791180133819580e-01,3.369709476828575134e-02,-1.825198173522949219e+00,-9.139022231101989746e-01,-4.079105332493782043e-03,-3.534592688083648682e-04
3.560846149921417236e-01,-1.398553848266601562e-01,-1.388113379478454590e+00,-9.331057071685791016e-01,-1.210371032357215881e-03,2.821180969476699829e-03
3.573077917098999023e-01,3.113317862153053284e-02,-1.347234249114990234e+00,-9.337285161018371582e-01,5.150381475687026978e-04,1.798644661903381348e-03
3.544735908508300781e-01,2.170925587415695190e-01,-1.329844951629638672e+00,-9.359424114227294922e-01,1.974819228053092957e-03,-3.512352705001831055e-04
7.771431654691696167e-02,-1.407493948936462402e-01,-1.075907111167907715e+00,-9.547002911567687988e-01,1.570923253893852234e-03,6.083033978939056396e-03
5.855141580104827881e-02,2.823980525135993958e-02,-1.058971405029296875e+00,-9.510848522186279297e-01,3.185855224728584290e-03,5.308151245117187500e-03
1.136520784348249435e-02,2.201748266816139221e-02,-8.010675311088562012e-01,-9.674594402313232422e-01,5.270205438137054443e-03,2.931289374828338623e-03
2.873921394348144531e-01,3.734629973769187927e-02,-8.049064278602600098e-01,-9.689984321594238281e-01,3.582814708352088928e-03,-9.757950901985168457e-04
2.309689223766326904e-01,-1.490084528923034668e-01,-6.061106920242309570e-01,-9.823032617568969727e-01,4.177840426564216614e-03,-3.239346668124198914e-03
2.182257026433944702e-01,2.760531380772590637e-02,-5.878337025642395020e-01,-9.742897152900695801e-01,6.021646782755851746e-03,-4.368340596556663513e-03
1.943881660699844360e-01,2.185343056917190552e-01,-5.836853384971618652e-01,-9.751830101013183594e-01,8.108222857117652893e-03,-6.256246939301490784e-03
1.304450482130050659e-01,2.954614534974098206e-02,-3.694228231906890869e-01,-9.665006399154663086e-01,9.348558261990547180e-03,-6.559651345014572144e-03
5.310464650392532349e-02,2.870342507958412170e-02,-2.000800073146820068e-01,-9.581028223037719727e-01,1.035276893526315689e-02,-7.144635543227195740e-03
3.212402760982513428e-01,3.622274473309516907e-02,-2.006346285343170166e-01,-9.557688236236572266e-01,8.773887529969215393e-03,-1.095200330018997192e-02
2.736631929874420166e-01,-1.392027735710144043e-01,-2.832015603780746460e-02,-9.346230030059814453e-01,9.379871189594268799e-03,-9.808519855141639709e-03
2.525839805603027344e-01,3.237589076161384583e-02,-2.108414098620414734e-02,-9.308639764785766602e-01,9.752975776791572571e-03,-1.022868789732456207e-02
-2.270032837986946106e-02,2.066672295331954956e-01,-1.913593895733356476e-02,-9.410187005996704102e-01,1.292316149920225143e-02,-8.434515446424484253e-03
-5.298788100481033325e-02,1.584285870194435120e-02,1.434301435947418213e-01,-9.293693900108337402e-01,1.565663143992424011e-02,-6.699817255139350891e-03
2.148301452398300171e-01,2.541031315922737122e-02,1.475671529769897461e-01,-9.263808727264404297e-01,1.426765508949756622e-02,-9.322207421064376831e-03
3.856480717658996582e-01,-1.419619470834732056e-01,3.063225746154785156e-01,-9.058470726013183594e-01,1.739660650491714478e-02,-1.465839520096778870e-02
3.869720995426177979e-01,3.157145157456398010e-02,3.112819194793701172e-01,-9.096225500106811523e-01,1.837539300322532654e-02,-1.516187563538551331e-02
3.863272666931152344e-01,2.148466706275939941e-01,3.162575066089630127e-01,-9.134153127670288086e-01,1.987223513424396515e-02,-1.657400280237197876e-02
5.135519057512283325e-02,1.863059774041175842e-02,4.684599936008453369e-01,-9.063597917556762695e-01,1.695279963314533234e-02,-1.308876834809780121e-02
2.429123669862747192e-01,1.613609865307807922e-02,6.761146187782287598e-01,-8.878816962242126465e-01,1.567665487527847290e-02,-1.588835939764976501e-02
1.233854368329048157e-01,1.400593295693397522e-02,8.870287537574768066e-01,-8.750901818275451660e-01,1.976612955331802368e-02,-1.564140059053897858e-02
8.280635625123977661e-02,1.182198897004127502e-02,1.150355577468872070e+00,-8.582463264465332031e-01,2.527701295912265778e-02,-1.232099533081054688e-02
3.610904514789581299e-01,1.847948506474494934e-02,1.135559916496276855e+00,-8.618644475936889648e-01,2.427323535084724426e-02,-1.508297771215438843e-02
3.101613521575927734e-01,-1.602002829313278198e-01,1.461209893226623535e+00,-8.417664766311645508e-01,3.143119066953659058e-02,-1.220995560288429260e-02
3.216286897659301758e-01,1.862766966223716736e-02,1.457880854606628418e+00,-8.378003835678100586e-01,3.196026384830474854e-02,-1.282278448343276978e-02
3.400660455226898193e-01,1.814441010355949402e-02,1.457958340644836426e+00,-8.378471136093139648e-01,3.203833848237991333e-02,-1.305038109421730042e-02
4.840258881449699402e-02,2.110456377267837524e-01,1.483138561248779297e+00,-8.415705561637878418e-01,3.543097525835037231e-02,-1.172539964318275452e-02
3.744189441204071045e-02,-3.604155033826828003e-03,2.018957138061523438e+00,-7.986136078834533691e-01,4.326123744249343872e-02,-6.668204441666603088e-03
3.036473691463470459e-01,3.023648634552955627e-02,-1.862142443656921387e+00,-7.063485980033874512e-01,-6.172569468617439270e-03,3.338806331157684326e-03
7.911284267902374268e-02,-1.407033205032348633e-01,-1.373838186264038086e+00,-7.365102767944335938e-01,-1.121629029512405396e-03,8.498482406139373779e-03
9.280840307474136353e-02,2.863158658146858215e-02,-1.343828797340393066e+00,-7.363302707672119141e-01,1.520644873380661011e-04,7.620632648468017578e-03
-1.962590515613555908e-01,2.685380354523658752e-02,-1.076529145240783691e+00,-7.628785967826843262e-01,2.257384359836578369e-03,7.184095680713653564e-03
6.187916547060012817e-02,2.956721559166908264e-02,-1.061491370201110840e+00,-7.650697231292724609e-01,2.391396090388298035e-03,6.733641028404235840e-03
1.432996243238449097e-01,-1.460403203964233398e-01,-8.207237124443054199e-01,-7.891284227371215820e-01,2.359686419367790222e-03,4.043385386466979980e-03
1.265325844287872314e-01,2.829088643193244934e-02,-8.115774989128112793e-01,-7.890296578407287598e-01,4.074161872267723083e-03,2.983067184686660767e-03
9.788578003644943237e-02,2.183676511049270630e-01,-7.994343638420104980e-01,-7.938735485076904297e-01,6.226656958460807800e-03,1.077953726053237915e-03
-1.342438757419586182e-01,1.646520569920539856e-02,-6.150153279304504395e-01,-7.969889044761657715e-01,7.129954174160957336e-03,7.906965911388397217e-04
1.273251324892044067e-01,2.263969555497169495e-02,-6.063175797462463379e-01,-8.004447221755981445e-01,6.523704156279563904e-03,-1.045845448970794678e-03
4.272842705249786377e-01,-1.436514109373092651e-01,-3.921686410903930664e-01,-7.948876619338989258e-01,6.449157372117042542e-03,-7.027916610240936279e-03
4.081397950649261475e-01,3.903913870453834534e-02,-3.870567381381988525e-01,-7.922504544258117676e-01,8.235184475779533386e-03,-8.257918059825897217e-03
1.198362335562705994e-01,2.229677587747573853e-01,-3.731695413589477539e-01,-7.982643246650695801e-01,1.063656061887741089e-02,-6.150022149085998535e-03
1.329558342695236206e-01,3.000583127140998840e-02,-2.077241539955139160e-01,-7.802335619926452637e-01,8.876787498593330383e-03,-5.408339202404022217e-03
1.605628579854965210e-01,2.898605540394783020e-02,-1.929463446140289307e-02,-7.371292710304260254e-01,9.835432283580303192e-03,-5.754828453063964844e-03
1.245802566409111023e-01,2.343428507447242737e-02,1.380136609077453613e-01,-7.170735597610473633e-01,1.487428694963455200e-02,-7.237730547785758972e-03
2.854623794555664062e-01,2.436676993966102600e-02,3.090270459651947021e-01,-6.866835951805114746e-01,1.640137284994125366e-02,-1.113423146307468414e-02
1.474047545343637466e-02,2.107410728931427002e-01,3.236171007156372070e-01,-6.954916119575500488e-01,1.888755336403846741e-02,-9.794196113944053650e-03
2.674909830093383789e-01,2.962649241089820862e-02,4.746188223361968994e-01,-6.774175763130187988e-01,1.398114021867513657e-02,-1.238507032394409180e-02
5.564568638801574707e-01,4.047284647822380066e-02,4.762501418590545654e-01,-6.781597137451171875e-01,1.411429233849048615e-02,-1.490848138928413391e-02
1.923156827688217163e-01,-1.538653075695037842e-01,6.704435944557189941e-01,-6.506831645965576172e-01,1.310881972312927246e-02,-1.260161027312278748e-02
2.036385387182235718e-01,2.015145495533943176e-02,6.807470917701721191e-01,-6.639608144760131836e-01,1.421765424311161041e-02,-1.276843994855880737e-02
1.994866430759429932e-01,2.132889181375503540e-01,6.907985210418701172e-01,-6.761798858642578125e-01,1.591086201369762421e-02,-1.415891200304031372e-02
-1.090619340538978577e-01,1.014444604516029358e-02,8.866779208183288574e-01,-6.589209437370300293e-01,1.842902041971683502e-02,-1.128390245139598846e-02
1.206034943461418152e-01,1.808226481080055237e-02,8.874892592430114746e-01,-6.556771397590637207e-01,1.790575496852397919e-02,-1.201325654983520508e-02
9.621731936931610107e-02,-1.585024893283843994e-01,1.132275819778442383e+00,-6.391402482986450195e-01,2.309493161737918854e-02,-1.014031469821929932e-02
9.161353856325149536e-02,1.512508466839790344e-02,1.137111067771911621e+00,-6.448386311531066895e-01,2.386420406401157379e-02,-1.024453155696392059e-02
7.729340344667434692e-02,2.111157774925231934e-01,1.157660365104675293e+00,-6.522274017333984375e-01,2.643666043877601624e-02,-1.156850717961788177e-02
6.997629255056381226e-02,1.142189279198646545e-02,1.466550946235656738e+00,-6.220933198928833008e-01,3.195221722126007080e-02,-8.117616176605224609e-03
3.535826504230499268e-01,2.424859628081321716e-02,1.463789820671081543e+00,-6.250244379043579102e-01,3.136314451694488525e-02,-1.078638993203639984e-02
2.785895168781280518e-01,-1.632583290338516235e-01,2.009975194931030273e+00,-5.898436307907104492e-01,4.008354246616363525e-02,-5.791034549474716187e-03
2.816575467586517334e-01,1.581838354468345642e-02,2.008342266082763672e+00,-5.872039794921875000e-01,4.090320318937301636e-02,-6.081851199269294739e-03
2.286859303712844849e-01,2.761190012097358704e-02,-1.912249445915222168e+00,-5.199106931686401367e-01,-1.022480987012386322e-02,6.902176886796951294e-03
-5.957883596420288086e-02,2.918629720807075500e-02,-1.349778771400451660e+00,-5.469996929168701172e-01,-3.864964470267295837e-03,1.199425384402275085e-02
2.026716023683547974e-01,3.188574686646461487e-02,-1.080303668975830078e+00,-5.926685333251953125e-01,-2.437576651573181152e-03,7.838893681764602661e-03
-1.298420727252960205e-01,2.467540279030799866e-02,-8.134930729866027832e-01,-6.302043199539184570e-01,2.221088856458663940e-03,7.089745253324508667e-03
1.243694797158241272e-01,2.649395540356636047e-02,-8.148543238639831543e-01,-6.307671666145324707e-01,1.537395641207695007e-03,5.866494029760360718e-03
2.768733501434326172e-01,-1.522787809371948242e-01,-6.079030632972717285e-01,-6.482324600219726562e-01,2.680825069546699524e-03,7.256120443344116211e-04
2.537685334682464600e-01,2.260603383183479309e-02,-5.941839218139648438e-01,-6.504144072532653809e-01,3.875678405165672302e-03,-1.573599874973297119e-04
1.311258524656295776e-01,2.551667764782905579e-02,-3.745685815811157227e-01,-6.345085501670837402e-01,6.787577643990516663e-03,-5.766786634922027588e-04
9.474527090787887573e-02,2.150507271289825439e-01,-3.560589551925659180e-01,-6.375508308410644531e-01,8.940400555729866028e-03,-1.926135271787643433e-03
-2.759204246103763580e-03,2.866872027516365051e-02,-1.863499283790588379e-01,-6.162483692169189453e-01,7.505161687731742859e-03,3.173165023326873779e-04
2.626706659793853760e-01,2.903792634606361389e-02,-1.884103417396545410e-01,-6.140673756599426270e-01,5.916317924857139587e-03,-2.973470836877822876e-03
2.735573947429656982e-01,3.164556995034217834e-02,-1.879831850528717041e-01,-6.138995885848999023e-01,5.974875763058662415e-03,-3.138870000839233398e-03
2.056671380996704102e-01,-1.372434347867965698e-01,-1.872330904006958008e-02,-5.719487667083740234e-01,6.816878914833068848e-03,-3.608554601669311523e-03
1.670344322919845581e-01,2.807400003075599670e-02,1.720678061246871948e-03,-5.717826485633850098e-01,8.471881039440631866e-03,-4.968993365764617920e-03
1.499044001102447510e-01,2.150166481733322144e-01,7.009897381067276001e-03,-5.728428959846496582e-01,1.024038717150688171e-02,-6.335962563753128052e-03
3.131101131439208984e-01,3.554800525307655334e-02,1.584812998771667480e-01,-5.251511931419372559e-01,1.345566380769014359e-02,-9.932164102792739868e-03
3.016003072261810303e-01,2.163452655076980591e-01,1.619063615798950195e-01,-5.297501683235168457e-01,1.496183034032583237e-02,-1.118085160851478577e-02
-1.963420584797859192e-02,1.943123713135719299e-02,3.242070376873016357e-01,-5.036554336547851562e-01,1.517464313656091690e-02,-7.721660658717155457e-03
2.652923464775085449e-01,3.290488198399543762e-02,3.188604414463043213e-01,-5.029560923576354980e-01,1.395538449287414551e-02,-1.046384125947952271e-02
-6.213917210698127747e-02,-1.578691750764846802e-01,4.851891100406646729e-01,-4.962956905364990234e-01,1.214849762618541718e-02,-8.779302239418029785e-03
1.791871488094329834e-01,3.274439647793769836e-02,4.835557043552398682e-01,-4.947771430015563965e-01,1.224432513117790222e-02,-1.058838516473770142e-02
7.640809565782546997e-02,-1.544709950685501099e-01,6.784117817878723145e-01,-4.805732369422912598e-01,1.328993588685989380e-02,-1.034526154398918152e-02
6.275931745767593384e-02,1.487708464264869690e-02,6.822844743728637695e-01,-4.858224987983703613e-01,1.389853283762931824e-02,-9.868523105978965759e-03
4.475142806768417358e-02,2.100050151348114014e-01,6.984027028083801270e-01,-4.923479855060577393e-01,1.579315960407257080e-02,-1.091352477669715881e-02
-6.883496046066284180e-02,3.551054745912551880e-03,8.871278762817382812e-01,-4.764493107795715332e-01,1.673151552677154541e-02,-9.894385933876037598e-03
1.844004541635513306e-01,1.246136799454689026e-02,8.928239345550537109e-01,-4.784710705280303955e-01,1.586487330496311188e-02,-1.125754788517951965e-02
9.294081479310989380e-02,1.351204887032508850e-02,1.169922709465026855e+00,-4.670428037643432617e-01,2.400617860257625580e-02,-8.662015199661254883e-03
3.803856372833251953e-01,2.857324853539466858e-02,1.172327160835266113e+00,-4.718391001224517822e-01,2.375375851988792419e-02,-1.134712062776088715e-02
-7.211552001535892487e-03,-1.630023717880249023e-01,1.504376649856567383e+00,-4.485917687416076660e-01,3.171075507998466492e-02,-5.519255995750427246e-03
-1.827881857752799988e-02,1.248142495751380920e-02,1.500518560409545898e+00,-4.526697695255279541e-01,3.259229660034179688e-02,-5.758302286267280579e-03
1.454332917928695679e-01,-1.622888594865798950e-01,1.984119772911071777e+00,-4.186713397502899170e-01,3.921792656183242798e-02,-3.212627023458480835e-03
1.211201325058937073e-01,1.484799757599830627e-02,2.008075952529907227e+00,-4.313093721866607666e-01,4.090787470340728760e-02,-3.225579857826232910e-03
1.020075753331184387e-01,2.068389952182769775e-01,2.030685663223266602e+00,-4.339860975742340088e-01,4.339396953582763672e-02,-4.436023533344268799e-03
2.832635939121246338e-01,3.088239207863807678e-02,-1.742910742759704590e+00,-3.205188512802124023e-01,-1.301338337361812592e-02,9.788051247596740723e-03
2.735411226749420166e-01,2.160594314336776733e-01,-1.708979249000549316e+00,-3.242176175117492676e-01,-1.123751513659954071e-02,8.114900439977645874e-03
1.288101822137832642e-01,3.089973703026771545e-02,-1.322916150093078613e+00,-3.511679172515869141e-01,-7.849415764212608337e-03,1.349913328886032104e-02
4.181295633316040039e-01,3.956422582268714905e-02,-1.324902892112731934e+00,-3.486703634262084961e-01,-7.948419079184532166e-03,9.360417723655700684e-03
-1.545886043459177017e-02,2.730463817715644836e-02,-1.063031196594238281e+00,-4.152099490165710449e-01,-3.996117040514945984e-03,1.336329057812690735e-02
2.655631303787231445e-01,3.320773318409919739e-02,-1.065166354179382324e+00,-4.160838127136230469e-01,-5.417315289378166199e-03,9.531114250421524048e-03
1.509043425321578979e-01,2.651435509324073792e-02,-8.152649998664855957e-01,-4.765932559967041016e-01,-9.167157113552093506e-04,9.452775120735168457e-03
1.006517931818962097e-01,-1.513777673244476318e-01,-6.121751070022583008e-01,-4.950195550918579102e-01,1.817064359784126282e-03,1.015091687440872192e-02
1.242424771189689636e-01,-1.513213664293289185e-01,-6.123724579811096191e-01,-4.947778582572937012e-01,1.622179523110389709e-03,9.789258241653442383e-03
1.202139481902122498e-01,2.418536320328712463e-02,-5.854148864746093750e-01,-4.992674887180328369e-01,3.201426938176155090e-03,8.918326348066329956e-03
1.068137064576148987e-01,2.143279761075973511e-01,-5.684221386909484863e-01,-5.018147230148315430e-01,5.214124917984008789e-03,7.147490978240966797e-03
2.884787619113922119e-01,2.906267717480659485e-02,-3.393957018852233887e-01,-4.880735874176025391e-01,4.576029255986213684e-03,1.533009111881256104e-03
2.656083405017852783e-01,2.128848880529403687e-01,-3.320322334766387939e-01,-4.911306500434875488e-01,6.073474884033203125e-03,-4.348978400230407715e-04
1.274315416812896729e-01,3.483364358544349670e-02,-1.616382002830505371e-01,-4.664812088012695312e-01,5.635721608996391296e-03,1.452829688787460327e-03
3.135192096233367920e-01,3.120053187012672424e-02,9.903281927108764648e-03,-3.864593505859375000e-01,5.887011066079139709e-03,-5.419267341494560242e-03
1.327682286500930786e-01,1.621793583035469055e-02,1.681078672409057617e-01,-3.218536972999572754e-01,1.113761123269796371e-02,-6.716119125485420227e-03
4.234367609024047852e-01,3.748043254017829895e-02,1.692345440387725830e-01,-3.239308595657348633e-01,1.158618181943893433e-02,-1.016012579202651978e-02
7.661473006010055542e-02,-1.475723385810852051e-01,3.301747739315032959e-01,-3.018354773521423340e-01,1.108479965478181839e-02,-7.432732731103897095e-03
9.038680791854858398e-02,1.081654801964759827e-02,3.330119550228118896e-01,-3.086002171039581299e-01,1.171678677201271057e-02,-6.945079192519187927e-03
1.977864056825637817e-01,-1.494408994913101196e-01,5.017980933189392090e-01,-3.004011213779449463e-01,8.436598815023899078e-03,-9.606072679162025452e-03
1.833713054656982422e-01,1.673980429768562317e-02,4.951801598072052002e-01,-3.106355071067810059e-01,9.009573608636856079e-03,-9.256543591618537903e-03
1.689605265855789185e-01,2.057792097330093384e-01,5.142472386360168457e-01,-3.199905753135681152e-01,1.061869692057371140e-02,-1.030716858804225922e-02
1.215595286339521408e-02,1.073690131306648254e-02,7.060618996620178223e-01,-3.039247989654541016e-01,1.153263635933399200e-02,-7.631901651620864868e-03
5.807100795209407806e-03,1.986048668622970581e-01,7.146878838539123535e-01,-3.112528324127197266e-01,1.281329430639743805e-02,-9.158389642834663391e-03
3.745809495449066162e-01,1.787656918168067932e-02,9.187946915626525879e-01,-3.051315546035766602e-01,1.428053900599479675e-02,-1.003829948604106903e-02
-4.021830484271049500e-02,1.357934251427650452e-02,1.200202941894531250e+00,-2.978020310401916504e-01,2.295922115445137024e-02,-5.811909213662147522e-03
2.290607094764709473e-01,1.964263990521430969e-02,1.198197245597839355e+00,-2.997264862060546875e-01,2.185786701738834381e-02,-7.706955075263977051e-03
3.388509899377822876e-02,8.863393217325210571e-03,1.600108861923217773e+00,-2.836858630180358887e-01,3.250740468502044678e-02,-3.394104540348052979e-03
3.166972398757934570e-01,2.528372779488563538e-02,1.593325972557067871e+00,-2.850205898284912109e-01,3.151458874344825745e-02,-5.924172699451446533e-03
9.562738984823226929e-02,2.858938649296760559e-02,-2.044108629226684570e+00,-1.565005034208297729e-01,-1.296665333211421967e-02,1.145567744970321655e-02
3.798671066761016846e-01,3.535662963986396790e-02,-2.026945590972900391e+00,-1.557748168706893921e-01,-1.400501094758510590e-02,8.236385881900787354e-03
2.464610785245895386e-01,2.909206226468086243e-02,-1.639258027076721191e+00,-1.470652371644973755e-01,-1.285902969539165497e-02,1.251976937055587769e-02
5.133661627769470215e-01,4.199612513184547424e-02,-1.641947150230407715e+00,-1.442631781101226807e-01,-1.176127605140209198e-02,9.776081889867782593e-03
1.417678594589233398e-01,2.946296706795692444e-02,-1.237094640731811523e+00,-1.277452707290649414e-01,-8.940717205405235291e-03,1.621566712856292725e-02
-9.621054679155349731e-02,2.463509514927864075e-02,-1.034870743751525879e+00,-6.990905106067657471e-02,-5.398428067564964294e-03,1.661605387926101685e-02
1.615100055932998657e-01,2.420866861939430237e-02,-1.027603745460510254e+00,-6.813080608844757080e-02,-6.281526759266853333e-03,1.569553837180137634e-02
4.430149495601654053e-01,3.401301428675651550e-02,-1.028576016426086426e+00,-6.464402377605438232e-02,-5.882684141397476196e-03,1.268746703863143921e-02
2.249560318887233734e-03,1.964532211422920227e-02,-7.760302424430847168e-01,-1.017106696963310242e-02,-1.548619940876960754e-03,1.718195527791976929e-02
-1.082445606589317322e-01,2.902388945221900940e-02,-5.516982674598693848e-01,1.751522347331047058e-02,1.032410189509391785e-03,1.414825022220611572e-02
2.435407787561416626e-01,2.851727977395057678e-02,-3.504908978939056396e-01,1.039373502135276794e-02,1.352475956082344055e-03,6.940472871065139771e-03
4.449543356895446777e-02,3.294155374169349670e-02,-1.593213081359863281e-01,-2.052801102399826050e-02,3.962965682148933411e-03,3.191672265529632568e-03
3.126266896724700928e-01,3.560880199074745178e-02,-1.694978177547454834e-01,-1.539806649088859558e-02,2.362016588449478149e-03,6.929449737071990967e-04
1.414286941289901733e-01,2.075589075684547424e-02,1.953716948628425598e-02,-9.783522784709930420e-02,6.379028782248497009e-03,-6.970800459384918213e-04
4.225576817989349365e-01,2.910273894667625427e-02,1.086977496743202209e-02,-9.175482392311096191e-02,6.485436111688613892e-03,-3.172146156430244446e-03
-1.125961020588874817e-01,2.521324530243873596e-02,1.720865070819854736e-01,-1.388457715511322021e-01,1.063583139330148697e-02,-2.501085400581359863e-03
1.610415130853652954e-01,4.955755546689033508e-02,1.743624806404113770e-01,-1.425483375787734985e-01,9.260446764528751373e-03,-3.475591540336608887e-03
4.368994235992431641e-01,3.272034600377082825e-02,3.492051064968109131e-01,-1.459550857543945312e-01,9.844286367297172546e-03,-6.846869364380836487e-03
1.089929714798927307e-01,2.021651715040206909e-01,3.602155447006225586e-01,-1.457526236772537231e-01,1.143084559589624405e-02,-4.054395481944084167e-03
1.981740146875381470e-01,-1.607883125543594360e-01,5.143304467201232910e-01,-1.394732594490051270e-01,7.983611896634101868e-03,-4.622424021363258362e-03
1.797030866146087646e-01,1.636839285492897034e-02,5.232203602790832520e-01,-1.432841569185256958e-01,8.010268211364746094e-03,-3.832558169960975647e-03
2.195087522268295288e-01,1.637170091271400452e-02,7.275148034095764160e-01,-1.401361823081970215e-01,1.046666223555803299e-02,-4.068586975336074829e-03
-4.422838240861892700e-02,1.029937341809272766e-02,9.506053328514099121e-01,-1.395578831434249878e-01,1.517496816813945770e-02,-1.199327409267425537e-03
2.078899741172790527e-01,1.169143244624137878e-02,9.449291229248046875e-01,-1.389680504798889160e-01,1.400352362543344498e-02,-2.827458083629608154e-03
2.369053065776824951e-01,9.510312229394912720e-03,1.236344099044799805e+00,-1.329318284988403320e-01,2.241557836532592773e-02,-1.970516517758369446e-03
2.369053065776824951e-01,9.510312229394912720e-03,1.236344099044799805e+00,-1.329318284988403320e-01,2.241557836532592773e-02,-1.970516517758369446e-03
2.172658890485763550e-01,1.984697133302688599e-01,1.265204071998596191e+00,-1.326197683811187744e-01,2.439561299979686737e-02,-2.723950892686843872e-03
2.632510066032409668e-01,-1.654690653085708618e-01,1.622763514518737793e+00,-1.245333552360534668e-01,3.050764091312885284e-02,5.731061100959777832e-04
-3.135527670383453369e-02,7.733140140771865845e-03,1.671120882034301758e+00,-1.244842559099197388e-01,3.302799165248870850e-02,2.866964787244796753e-03
7.745442539453506470e-02,2.737509086728096008e-02,-2.011309385299682617e+00,2.200025692582130432e-02,-6.974864751100540161e-03,1.122470945119857788e-02
1.027043461799621582e-01,2.430022135376930237e-02,-1.559710144996643066e+00,3.379147872328758240e-02,-3.093108534812927246e-03,1.473307237029075623e-02
3.911457955837249756e-01,3.405543044209480286e-02,-1.565100789070129395e+00,3.389941528439521790e-02,-4.001414403319358826e-03,1.135457307100296021e-02
-9.238952398300170898e-02,1.851225271821022034e-02,-1.236253976821899414e+00,6.307232379913330078e-02,-1.578275114297866821e-03,1.647549495100975037e-02
1.636116355657577515e-01,2.536763623356819153e-02,-1.230933189392089844e+00,6.478066742420196533e-02,-2.553980797529220581e-03,1.537622511386871338e-02
2.001437991857528687e-01,2.977446094155311584e-02,-9.703500866889953613e-01,1.047662645578384399e-01,-2.232590690255165100e-03,1.542986556887626648e-02
2.185132354497909546e-01,-1.583511680364608765e-01,-7.388710379600524902e-01,1.485900729894638062e-01,-7.949396967887878418e-04,1.112103089690208435e-02
2.364231348037719727e-01,-1.577100306749343872e-01,-7.383719086647033691e-01,1.484249681234359741e-01,-8.183922618627548218e-04,1.086048409342765808e-02
2.435262650251388550e-01,-1.569107621908187866e-01,-7.382572293281555176e-01,1.483242660760879517e-01,-7.897857576608657837e-04,1.074042171239852905e-02
2.060493379831314087e-01,2.783102169632911682e-02,-7.378285527229309082e-01,1.436191946268081665e-01,6.395671516656875610e-04,1.089136302471160889e-02
1.564126908779144287e-01,2.144017964601516724e-01,-7.192721962928771973e-01,1.456964462995529175e-01,3.195270895957946777e-03,9.871792048215866089e-03
1.726099997758865356e-01,2.328701689839363098e-02,-5.348187088966369629e-01,1.516884714365005493e-01,3.303887322545051575e-03,8.502997457981109619e-03
-3.362559527158737183e-02,2.083371952176094055e-02,-3.398320078849792480e-01,1.469571292400360107e-01,6.648870185017585754e-03,7.545195519924163818e-03
2.458405941724777222e-01,1.931400969624519348e-02,-3.359762132167816162e-01,1.502989828586578369e-01,4.442937672138214111e-03,5.252454429864883423e-03
2.854730784893035889e-01,2.081543579697608948e-02,-1.457291394472122192e-01,1.208856850862503052e-01,5.836140364408493042e-03,4.404246807098388672e-03
3.214582800865173340e-01,-1.514867246150970459e-01,4.344852268695831299e-02,8.994410932064056396e-02,3.764243796467781067e-03,1.523450016975402832e-03
1.209946498274803162e-01,3.020681813359260559e-02,4.447641223669052124e-02,8.166161179542541504e-02,5.772914737462997437e-03,1.940585672855377197e-03
6.132695078849792480e-02,2.229863256216049194e-01,5.970878154039382935e-02,7.926343381404876709e-02,8.265386335551738739e-03,2.395976334810256958e-03
2.748310565948486328e-03,-1.617995649576187134e-01,2.057565450668334961e-01,5.810790881514549255e-02,4.266181960701942444e-03,2.865910530090332031e-03
1.750541478395462036e-02,1.935339346528053284e-02,2.386640012264251709e-01,3.209159895777702332e-02,8.711896836757659912e-03,1.572705805301666260e-03
7.923683524131774902e-02,1.519981399178504944e-02,4.040640294551849365e-01,2.770800516009330750e-02,7.286312058568000793e-03,8.494406938552856445e-04
4.207022190093994141e-01,6.602436304092407227e-02,3.597466051578521729e-01,3.012965247035026550e-02,5.457075312733650208e-03,-4.363913089036941528e-03
1.835724413394927979e-01,2.299017086625099182e-02,5.897185802459716797e-01,2.230459079146385193e-02,4.897715523838996887e-03,-7.659010589122772217e-04
1.486756652593612671e-01,2.102872878313064575e-01,5.514777898788452148e-01,3.240546956658363342e-02,5.833210423588752747e-03,-1.102779060602188110e-03
1.497244238853454590e-01,-1.537435501813888550e-01,7.780953049659729004e-01,3.321885690093040466e-02,5.800172686576843262e-03,-6.488189101219177246e-04
1.188713237643241882e-01,2.252027764916419983e-02,7.909560799598693848e-01,3.025615587830543518e-02,7.311610504984855652e-03,-3.399029374122619629e-04
1.184453293681144714e-01,2.111443430185317993e-01,8.058238625526428223e-01,2.903896197676658630e-02,9.109903126955032349e-03,-1.417845487594604492e-03
-6.670819222927093506e-02,7.536660879850387573e-03,9.879657626152038574e-01,2.767111361026763916e-02,1.143379416316747665e-02,2.900585532188415527e-03
4.340167045593261719e-01,3.079768642783164978e-02,1.279291510581970215e+00,3.671562299132347107e-02,1.861647516489028931e-02,7.482506334781646729e-04
1.866626292467117310e-01,-1.628612726926803589e-01,1.797898769378662109e+00,3.517538681626319885e-02,2.917290851473808289e-02,6.716527044773101807e-03
1.944264620542526245e-01,4.126835614442825317e-03,1.830668926239013672e+00,3.515439108014106750e-02,3.047921136021614075e-02,6.125830113887786865e-03
1.719023436307907104e-01,1.979355216026306152e-01,1.887719511985778809e+00,3.691416606307029724e-02,3.358822315931320190e-02,5.643632262945175171e-03
-2.918217331171035767e-02,2.472296729683876038e-02,-1.961316823959350586e+00,2.076074331998825073e-01,-5.641710013151168823e-03,1.465934142470359802e-02
2.308005839586257935e-01,2.719101682305335999e-02,-1.971658229827880859e+00,2.081343978643417358e-01,-7.300214841961860657e-03,1.212508231401443481e-02
2.453415840864181519e-01,-1.513659805059432983e-01,-1.537289261817932129e+00,2.212411016225814819e-01,-4.931110888719558716e-03,1.530430838465690613e-02
2.147730886936187744e-01,3.152333572506904602e-02,-1.507940769195556641e+00,2.192060202360153198e-01,-2.684963867068290710e-03,1.520847901701927185e-02
1.996915191411972046e-01,2.228521257638931274e-01,-1.460460543632507324e+00,2.239520102739334106e-01,-5.161594599485397339e-04,1.382244378328323364e-02
3.025214374065399170e-02,-1.515274196863174438e-01,-1.195047020912170410e+00,2.493945509195327759e-01,-1.224393025040626526e-03,1.838572323322296143e-02
-2.444717660546302795e-02,3.252511098980903625e-02,-1.158791065216064453e+00,2.460640519857406616e-01,9.200852364301681519e-04,1.785010099411010742e-02
2.763582170009613037e-01,3.003538027405738831e-02,-9.033216834068298340e-01,2.746222913265228271e-01,-1.075267791748046875e-04,1.371479034423828125e-02
-3.492812067270278931e-02,-1.524766534566879272e-01,-6.915621161460876465e-01,2.987952828407287598e-01,2.959409728646278381e-03,1.342117041349411011e-02
-3.659608215093612671e-02,3.466804698109626770e-02,-6.783664822578430176e-01,2.924079895019531250e-01,4.655299708247184753e-03,1.207686215639114380e-02
4.740657284855842590e-02,2.789117768406867981e-02,-4.882234632968902588e-01,2.949221134185791016e-01,6.225725635886192322e-03,9.393632411956787109e-03
3.029364049434661865e-01,3.015308454632759094e-02,-4.841566681861877441e-01,2.928158044815063477e-01,3.924803808331489563e-03,6.470769643783569336e-03
2.845005393028259277e-01,-1.546069532632827759e-01,-2.917749583721160889e-01,2.950256466865539551e-01,5.624460056424140930e-03,5.984071642160415649e-03
2.412511557340621948e-01,1.966734603047370911e-02,-2.880984246730804443e-01,2.887076437473297119e-01,6.320843473076820374e-03,6.241682916879653931e-03
2.193740159273147583e-01,2.102811783552169800e-01,-2.813952565193176270e-01,2.855343222618103027e-01,8.437795564532279968e-03,5.126010626554489136e-03
5.503518879413604736e-02,2.420868352055549622e-02,-1.282865107059478760e-01,2.744056284427642822e-01,9.354509413242340088e-03,8.277706801891326904e-03
3.242303431034088135e-01,2.525589987635612488e-02,-1.104396656155586243e-01,2.678956389427185059e-01,7.072787731885910034e-03,5.823995918035507202e-03
7.136572152376174927e-02,1.422976329922676086e-02,8.320558071136474609e-02,2.480403333902359009e-01,2.390218898653984070e-03,1.236724108457565308e-02
6.420608609914779663e-02,1.885787397623062134e-01,8.762300014495849609e-02,2.386368066072463989e-01,3.121022135019302368e-03,1.065142080187797546e-02
1.384589727967977524e-02,6.972659379243850708e-03,2.699304521083831787e-01,2.213273495435714722e-01,1.489531248807907104e-03,1.206612586975097656e-02
3.194790780544281006e-01,3.083418682217597961e-02,2.624326050281524658e-01,2.177905589342117310e-01,-7.868092507123947144e-04,8.735395967960357666e-03
2.766304612159729004e-01,-1.602248698472976685e-01,4.110286533832550049e-01,2.101256698369979858e-01,-2.443989738821983337e-03,8.513297885656356812e-03
2.565692663192749023e-01,3.163129463791847229e-02,4.231992065906524658e-01,2.141510397195816040e-01,-1.303384080529212952e-03,7.944405078887939453e-03
2.029544562101364136e-01,1.976799219846725464e-01,4.554843008518218994e-01,2.025928497314453125e-01,4.214812070131301880e-04,5.956988781690597534e-03
-8.876850455999374390e-02,1.436108723282814026e-02,6.061871647834777832e-01,2.105192393064498901e-01,-1.159310340881347656e-04,8.250854909420013428e-03
1.567814499139785767e-01,2.656416222453117371e-02,5.894500613212585449e-01,2.080451101064682007e-01,-1.482145860791206360e-03,7.129926234483718872e-03
1.085403561592102051e-01,-1.568724662065505981e-01,8.334957957267761230e-01,2.067283093929290771e-01,2.138726413249969482e-04,8.099846541881561279e-03
7.170080393552780151e-02,1.987038925290107727e-02,8.374885916709899902e-01,2.018826752901077271e-01,1.889402046799659729e-03,7.059942930936813354e-03
-1.701394766569137573e-01,1.597615703940391541e-02,1.041897296905517578e+00,1.995592713356018066e-01,5.344010889530181885e-03,7.839754223823547363e-03
8.522772043943405151e-02,1.689673587679862976e-02,1.057031989097595215e+00,1.997817754745483398e-01,5.800472572445869446e-03,9.181171655654907227e-03
2.092045545578002930e-01,1.577379927039146423e-02,1.367759346961975098e+00,2.017288357019424438e-01,1.301375310868024826e-02,9.185381233692169189e-03
1.935791373252868652e-01,-1.592952907085418701e-01,1.928893327713012695e+00,2.056136727333068848e-01,2.463958039879798889e-02,1.391823962330818176e-02
1.511551737785339355e-01,1.289094612002372742e-02,1.931401491165161133e+00,2.045090049505233765e-01,2.549836039543151855e-02,1.341313868761062622e-02
1.119135841727256775e-01,2.029281854629516602e-01,1.929719090461730957e+00,2.060645669698715210e-01,2.745905891060829163e-02,1.273793354630470276e-02
1.104527413845062256e-01,3.079858794808387756e-02,-1.927108049392700195e+00,3.977370858192443848e-01,2.757610753178596497e-03,1.991510763764381409e-02
3.897361159324645996e-01,3.591771796345710754e-02,-1.917802453041076660e+00,3.967242240905761719e-01,1.479798927903175354e-03,1.633315160870552063e-02
3.096142411231994629e-02,3.257644549012184143e-02,-1.414024829864501953e+00,4.163761734962463379e-01,8.137004449963569641e-03,2.427173033356666565e-02
1.725818216800689697e-01,3.109604492783546448e-02,-1.091704607009887695e+00,4.323264360427856445e-01,8.797718212008476257e-03,2.268844470381736755e-02
1.953767389059066772e-01,2.644743397831916809e-02,-1.091641187667846680e+00,4.319501519203186035e-01,8.513629436492919922e-03,2.238940447568893433e-02
1.749257594347000122e-01,2.222257852554321289e-01,-1.080081343650817871e+00,4.342094063758850098e-01,1.084749773144721985e-02,2.082498371601104736e-02
-4.426451772451400757e-02,3.651783242821693420e-02,-8.449382185935974121e-01,4.564253985881805420e-01,1.172859221696853638e-02,2.183829247951507568e-02
-2.930368483066558838e-02,3.365032747387886047e-02,-8.439158797264099121e-01,4.563519358634948730e-01,1.179252006113529205e-02,2.192057296633720398e-02
2.216468304395675659e-01,3.353713825345039368e-02,-8.388783335685729980e-01,4.565350711345672607e-01,1.021557953208684921e-02,1.934268698096275330e-02
8.848925679922103882e-02,3.143060579895973206e-02,-6.268416643142700195e-01,4.699925184249877930e-01,1.289230864495038986e-02,1.678673923015594482e-02
2.802576422691345215e-01,-1.483658254146575928e-01,-4.112200736999511719e-01,4.716124534606933594e-01,1.044766418635845184e-02,1.113934069871902466e-02
2.449121028184890747e-01,2.732688561081886292e-02,-3.989029824733734131e-01,4.672544598579406738e-01,1.189895067363977432e-02,1.043241843581199646e-02
2.072065919637680054e-01,2.618903294205665588e-02,-2.374179661273956299e-01,4.620988368988037109e-01,1.285150460898876190e-02,9.405557066202163696e-03
1.564433574676513672e-01,2.060580402612686157e-01,-2.406679391860961914e-01,4.607187509536743164e-01,1.508776564151048660e-02,8.279096335172653198e-03
8.754357695579528809e-02,2.064320817589759827e-02,-4.289046674966812134e-02,4.525105357170104980e-01,1.104964967817068100e-02,1.242283731698989868e-02
3.618880808353424072e-01,2.375434711575508118e-02,-5.135797709226608276e-02,4.539499878883361816e-01,1.043197605758905411e-02,9.324833750724792480e-03
-4.952303692698478699e-02,2.244314923882484436e-02,1.424101591110229492e-01,4.180780649185180664e-01,5.556555464863777161e-03,1.769161969423294067e-02
2.293095439672470093e-01,2.733376249670982361e-02,1.482446491718292236e-01,4.212755560874938965e-01,3.463456407189369202e-03,1.520885899662971497e-02
6.704696267843246460e-02,3.172463551163673401e-02,3.201169669628143311e-01,4.026308059692382812e-01,3.252020105719566345e-03,1.508190482854843140e-02
3.351074457168579102e-01,3.702607378363609314e-02,3.280489742755889893e-01,3.964508771896362305e-01,2.058619633316993713e-03,1.207803189754486084e-02
1.827917993068695068e-01,-1.626591235399246216e-01,4.724628031253814697e-01,4.076044559478759766e-01,-6.792303174734115601e-04,1.283726096153259277e-02
1.882974952459335327e-01,3.775151446461677551e-02,4.672968685626983643e-01,3.970372974872589111e-01,4.800017923116683960e-04,1.120139658451080322e-02
1.120075359940528870e-01,-1.584688574075698853e-01,6.732855439186096191e-01,3.954674601554870605e-01,-4.409104585647583008e-04,1.044013723731040955e-02
7.700129598379135132e-02,2.561651542782783508e-02,6.721296906471252441e-01,3.934952020645141602e-01,4.871357232332229614e-04,8.910380303859710693e-03
4.372856020927429199e-02,2.103697359561920166e-01,6.746997237205505371e-01,3.902063667774200439e-01,2.132948487997055054e-03,7.121656090021133423e-03
1.845634728670120239e-01,1.343714073300361633e-02,8.829479813575744629e-01,3.931749165058135986e-01,1.399539411067962646e-03,8.903738111257553101e-03
1.794877648353576660e-01,1.982867270708084106e-01,8.821656703948974609e-01,3.900814652442932129e-01,3.197297453880310059e-03,7.331546396017074585e-03
1.558189839124679565e-01,9.774472564458847046e-03,1.148715734481811523e+00,3.868921995162963867e-01,7.824869826436042786e-03,1.132305711507797241e-02
1.756574958562850952e-01,6.390426307916641235e-03,1.148824095726013184e+00,3.869445919990539551e-01,7.590504363179206848e-03,1.110094040632247925e-02
1.816619783639907837e-01,9.526226669549942017e-03,1.149023652076721191e+00,3.869832456111907959e-01,7.542582228779792786e-03,1.099971309304237366e-02
1.511630266904830933e-01,1.888026744127273560e-01,1.147135734558105469e+00,3.858730792999267578e-01,9.453061968088150024e-03,9.757168591022491455e-03
3.350194692611694336e-01,1.305487379431724548e-02,1.466616868972778320e+00,3.924272060394287109e-01,1.638132706284523010e-02,1.038286089897155762e-02
-9.899363666772842407e-02,5.186248570680618286e-03,1.943039774894714355e+00,3.940484523773193359e-01,2.736180461943149567e-02,1.598902046680450439e-02
1.488512754440307617e-01,1.047506555914878845e-02,1.975403666496276855e+00,3.974893391132354736e-01,2.683329954743385315e-02,1.576263457536697388e-02
2.830179333686828613e-01,3.379226103425025940e-02,-1.797037005424499512e+00,5.799909830093383789e-01,1.046724803745746613e-02,1.800316944718360901e-02
5.852303504943847656e-01,4.444244131445884705e-02,-1.796697020530700684e+00,5.784846544265747070e-01,1.157519966363906860e-02,1.475064083933830261e-02
3.103535771369934082e-01,3.335535898804664612e-02,-1.310948491096496582e+00,6.064619421958923340e-01,1.464076712727546692e-02,2.029115706682205200e-02
3.296078741550445557e-01,3.559117391705513000e-02,-1.310930728912353516e+00,6.065016984939575195e-01,1.472419500350952148e-02,2.006510272622108459e-02
8.189021795988082886e-02,3.497735038399696350e-02,-1.022061109542846680e+00,6.230291724205017090e-01,1.715632528066635132e-02,2.349623292684555054e-02
3.869872093200683594e-01,2.848875895142555237e-02,-7.686703801155090332e-01,6.345331668853759766e-01,1.690139994025230408e-02,1.678254082798957825e-02
7.940989732742309570e-02,2.166159003973007202e-01,-7.583634853363037109e-01,6.354075670242309570e-01,2.003534883260726929e-02,1.849987357854843140e-02
8.904320001602172852e-02,2.171649485826492310e-01,-7.582614421844482422e-01,6.352341175079345703e-01,1.992898993194103241e-02,1.839653402566909790e-02
-1.366137061268091202e-02,2.953356876969337463e-02,-5.530671477317810059e-01,6.407397389411926270e-01,1.981832645833492279e-02,1.659809798002243042e-02
9.273043833673000336e-03,2.541603520512580872e-02,-5.539138913154602051e-01,6.405420303344726562e-01,1.969860866665840149e-02,1.650299876928329468e-02
-8.210078813135623932e-03,2.076814621686935425e-01,-5.462138056755065918e-01,6.404267549514770508e-01,2.133310027420520782e-02,1.457569003105163574e-02
3.174360990524291992e-01,2.469072863459587097e-02,-3.534425497055053711e-01,6.327405571937561035e-01,1.859052293002605438e-02,1.011459156870841980e-02
3.146137297153472900e-01,2.152987718582153320e-01,-3.447514772415161133e-01,6.294385194778442383e-01,2.024924382567405701e-02,7.906790822744369507e-03
1.401822268962860107e-01,2.413238957524299622e-02,-1.869315207004547119e-01,6.314098834991455078e-01,2.004952356219291687e-02,1.177534088492393494e-02
1.197257712483406067e-01,1.989930421113967896e-01,-1.853380501270294189e-01,6.284859180450439453e-01,2.183518558740615845e-02,1.003848761320114136e-02
2.285184711217880249e-01,-1.564617902040481567e-01,-1.087667793035507202e-02,6.346941590309143066e-01,1.285218540579080582e-02,1.410446316003799438e-02
1.952996999025344849e-01,1.715067401528358459e-02,3.245294094085693359e-03,6.306889653205871582e-01,1.368900947272777557e-02,1.372507214546203613e-02
3.009140118956565857e-02,-1.466313153505325317e-01,1.758849024772644043e-01,6.383388042449951172e-01,7.793085649609565735e-03,1.984976977109909058e-02
1.218544226139783859e-02,2.031015977263450623e-02,1.803407371044158936e-01,6.200577616691589355e-01,7.855338975787162781e-03,1.846944540739059448e-02
1.066056918352842331e-02,2.934135869145393372e-02,3.511983454227447510e-01,5.921296477317810059e-01,5.171904340386390686e-03,1.685502380132675171e-02
2.561407089233398438e-01,4.534816369414329529e-02,3.550109863281250000e-01,5.918229818344116211e-01,4.225989803671836853e-03,1.425342634320259094e-02
8.188075572252273560e-02,3.609707579016685486e-02,5.224711298942565918e-01,5.962010622024536133e-01,1.953450962901115417e-03,1.405129581689834595e-02
3.559140563011169434e-01,3.588842973113059998e-02,5.224445462226867676e-01,5.865879654884338379e-01,1.409199088811874390e-03,1.102945953607559204e-02
9.287864714860916138e-02,3.466950729489326477e-02,7.279729247093200684e-01,5.916157960891723633e-01,1.639215275645256042e-03,1.138129830360412598e-02
4.962475597858428955e-02,2.093524038791656494e-01,7.323303818702697754e-01,5.939335227012634277e-01,3.379123285412788391e-03,1.012789458036422729e-02
1.722306162118911743e-01,1.952233538031578064e-02,9.396132826805114746e-01,5.769109725952148438e-01,3.780387341976165771e-03,1.234179362654685974e-02
1.269496381282806396e-01,2.031214982271194458e-01,9.503247141838073730e-01,5.853664875030517578e-01,6.501983851194381714e-03,1.131381094455718994e-02
5.508994311094284058e-02,-1.566229909658432007e-01,1.194330811500549316e+00,5.785207152366638184e-01,1.004088949412107468e-02,1.651622354984283447e-02
-2.498351782560348511e-02,1.783457025885581970e-02,1.204360365867614746e+00,5.735133290290832520e-01,1.154444366693496704e-02,1.515130698680877686e-02
2.836147546768188477e-01,3.097445145249366760e-02,-2.044945716857910156e+00,7.642781734466552734e-01,1.162636280059814453e-02,1.715771481394767761e-02
2.198307663202285767e-01,2.224728912115097046e-01,-2.044861555099487305e+00,7.647767066955566406e-01,1.401473954319953918e-02,1.690692082047462463e-02
2.064187824726104736e-02,-1.385913789272308350e-01,-1.715556502342224121e+00,7.897940278053283691e-01,1.552512124180793762e-02,2.359983325004577637e-02
-2.682640403509140015e-02,3.821409121155738831e-02,-1.608397603034973145e+00,7.846715450286865234e-01,1.824858784675598145e-02,2.320441976189613342e-02
7.560101151466369629e-02,-1.423140019178390503e-01,-1.257494926452636719e+00,8.244258165359497070e-01,1.817482709884643555e-02,2.552918344736099243e-02
2.943234145641326904e-02,3.448051586747169495e-02,-1.218230128288269043e+00,8.221910595893859863e-01,2.018876932561397552e-02,2.489313110709190369e-02
-1.670806854963302612e-01,3.058265522122383118e-02,-9.492936730384826660e-01,8.419438600540161133e-01,2.034921757876873016e-02,2.468236163258552551e-02
9.760271012783050537e-02,3.423177078366279602e-02,-9.398123621940612793e-01,8.402284383773803711e-01,2.014342322945594788e-02,2.471157163381576538e-02
3.642041683197021484e-01,-1.446288675069808960e-01,-7.170666456222534180e-01,8.383901119232177734e-01,1.880735158920288086e-02,1.809206977486610413e-02
3.158786594867706299e-01,3.245066478848457336e-02,-7.009904384613037109e-01,8.398733735084533691e-01,2.021376788616180420e-02,1.754587888717651367e-02
1.206967905163764954e-01,2.982952073216438293e-02,-5.008978247642517090e-01,8.393300771713256836e-01,2.224994637072086334e-02,1.648712530732154846e-02
4.039739072322845459e-01,3.277940675616264343e-02,-4.997704327106475830e-01,8.329125642776489258e-01,2.164716646075248718e-02,1.301667839288711548e-02
4.320932328701019287e-01,2.961742505431175232e-02,-3.083744943141937256e-01,8.322199583053588867e-01,2.333416230976581573e-02,1.049096137285232544e-02
3.928958177566528320e-01,2.134326994419097900e-01,-3.025592565536499023e-01,8.318486213684082031e-01,2.451542392373085022e-02,8.950114250183105469e-03
1.195954605937004089e-01,-1.545600295066833496e-01,-1.367226541042327881e-01,8.343762159347534180e-01,2.179817110300064087e-02,1.541241258382797241e-02
8.451752364635467529e-02,2.315432205796241760e-02,-1.283459365367889404e-01,8.319488763809204102e-01,2.341674268245697021e-02,1.437298953533172607e-02
9.486202150583267212e-02,1.121361181139945984e-02,6.190346181392669678e-02,8.370352983474731445e-01,1.480576954782009125e-02,1.808465272188186646e-02
6.748568266630172729e-02,1.922664195299148560e-01,6.952612102031707764e-02,8.243299722671508789e-01,1.561652123928070068e-02,1.671523973345756531e-02
7.737655192613601685e-02,-1.506216228008270264e-01,2.204482853412628174e-01,8.074162006378173828e-01,8.150046691298484802e-03,2.060785889625549316e-02
7.565006613731384277e-02,2.156746014952659607e-02,2.263236045837402344e-01,8.081537485122680664e-01,8.324347436428070068e-03,1.933313161134719849e-02
-8.129713684320449829e-02,2.920703217387199402e-02,3.958461582660675049e-01,8.031119108200073242e-01,7.316667586565017700e-03,1.722623780369758606e-02
1.687187403440475464e-01,3.885515406727790833e-02,4.037103354930877686e-01,7.920394539833068848e-01,6.236726418137550354e-03,1.562336087226867676e-02
1.847271919250488281e-01,-1.538910567760467529e-01,5.807670950889587402e-01,8.037319779396057129e-01,2.222623676061630249e-03,1.460320502519607544e-02
1.314090043306350708e-01,3.714378550648689270e-02,5.912891030311584473e-01,7.952899932861328125e-01,3.326281905174255371e-03,1.386938244104385376e-02
1.014092490077018738e-01,2.062068283557891846e-01,6.007694602012634277e-01,7.904158830642700195e-01,4.886452108621597290e-03,1.207111775875091553e-02
-9.847529977560043335e-02,2.898684516549110413e-02,7.876505255699157715e-01,8.040096759796142578e-01,4.620146006345748901e-03,1.473647728562355042e-02
1.248727366328239441e-01,2.702436223626136780e-02,7.874941229820251465e-01,7.919010519981384277e-01,3.534892573952674866e-03,1.397659629583358765e-02
4.098721444606781006e-01,2.262458577752113342e-02,7.975000739097595215e-01,7.902210950851440430e-01,3.362288698554039001e-03,1.139622926712036133e-02
-8.017650805413722992e-03,1.968688890337944031e-02,1.001747727394104004e+00,7.890061140060424805e-01,8.580511435866355896e-03,1.684982329607009888e-02
2.070395499467849731e-01,1.960196346044540405e-01,1.016787409782409668e+00,7.835004329681396484e-01,9.205242618918418884e-03,1.344541087746620178e-02
2.574919462203979492e-01,-1.559454053640365601e-01,1.289978861808776855e+00,7.892111539840698242e-01,1.406820863485336304e-02,1.646298170089721680e-02
2.305524498224258423e-01,2.218499407172203064e-02,1.291924595832824707e+00,7.805822491645812988e-01,1.428334228694438934e-02,1.541972532868385315e-02
2.048647254705429077e-01,2.427216991782188416e-02,1.803136229515075684e+00,7.769973278045654297e-01,2.604413591325283051e-02,1.695457845926284790e-02
1.953323632478713989e-01,2.041331678628921509e-01,1.847746133804321289e+00,7.811701893806457520e-01,2.897816523909568787e-02,1.592331379652023315e-02
1.912784725427627563e-01,2.402006462216377258e-02,-2.017657756805419922e+00,9.963235855102539062e-01,9.612910449504852295e-03,1.934060454368591309e-02
4.704463779926300049e-01,3.380453214049339294e-02,-2.009401082992553711e+00,9.978394508361816406e-01,8.928354829549789429e-03,1.576547324657440186e-02
1.708591729402542114e-01,3.267741575837135315e-02,-1.485396981239318848e+00,1.031278848648071289e+00,1.530734077095985413e-02,2.395039051771163940e-02
1.056189835071563721e-01,2.262811660766601562e-01,-1.460680246353149414e+00,1.035506010055541992e+00,1.750685833394527435e-02,2.339290827512741089e-02
1.131064966320991516e-01,3.612837567925453186e-02,-1.127855896949768066e+00,1.050640821456909180e+00,1.754117384552955627e-02,2.576662600040435791e-02
4.014030694961547852e-01,3.542364016175270081e-02,-1.134164929389953613e+00,1.050329923629760742e+00,1.653826609253883362e-02,2.233996242284774780e-02
3.515800833702087402e-01,-1.462293565273284912e-01,-8.783555030822753906e-01,1.049021244049072266e+00,1.665884256362915039e-02,2.287619560956954956e-02
-1.812645234167575836e-03,2.161944657564163208e-01,-8.532207012176513672e-01,1.051157832145690918e+00,2.173122577369213104e-02,2.380638569593429565e-02
-3.433123975992202759e-02,3.337002173066139221e-02,-6.287236213684082031e-01,1.054717659950256348e+00,2.293840050697326660e-02,2.084135264158248901e-02
2.532421350479125977e-01,2.975460514426231384e-02,-6.288376450538635254e-01,1.051029682159423828e+00,2.074269205331802368e-02,1.803237199783325195e-02
1.439172029495239258e-01,-1.541698426008224487e-01,-4.416137635707855225e-01,1.054293274879455566e+00,2.161118946969509125e-02,1.835866272449493408e-02
1.022327244281768799e-01,2.671324834227561951e-02,-4.318933784961700439e-01,1.052240610122680664e+00,2.380410581827163696e-02,1.745351776480674744e-02
8.019264787435531616e-02,2.354362979531288147e-02,-2.604626715183258057e-01,1.048602938652038574e+00,2.617754042148590088e-02,1.590953022241592407e-02
6.318482011556625366e-02,2.083452194929122925e-01,-2.551623284816741943e-01,1.047599077224731445e+00,2.783520333468914032e-02,1.419186592102050781e-02
7.291940599679946899e-02,2.089933156967163086e-01,-2.505090534687042236e-01,1.047061085700988770e+00,2.777869440615177155e-02,1.403263211250305176e-02
1.692263782024383545e-02,2.143635228276252747e-02,-7.922520488500595093e-02,1.036935567855834961e+00,2.404813840985298157e-02,1.672348380088806152e-02
2.864868938922882080e-01,1.916994526982307434e-02,-6.994203478097915649e-02,1.033473253250122070e+00,2.156286872923374176e-02,1.407486572861671448e-02
2.700083553791046143e-01,-1.554515659809112549e-01,8.667538315057754517e-02,1.037309885025024414e+00,9.999455884099006653e-03,1.865431666374206543e-02
1.992292404174804688e-01,2.145626768469810486e-02,1.056925281882286072e-01,1.037710309028625488e+00,1.044765114784240723e-02,1.905826479196548462e-02
1.864537745714187622e-01,2.707606926560401917e-02,2.780215740203857422e-01,1.032166361808776855e+00,6.097214296460151672e-03,1.928132399916648865e-02
4.568643271923065186e-01,3.686699643731117249e-02,2.661410868167877197e-01,1.033226370811462402e+00,6.853137165307998657e-03,1.648950576782226562e-02
1.576372832059860229e-01,-1.538646519184112549e-01,4.503334462642669678e-01,1.033151865005493164e+00,3.755217418074607849e-03,1.850603520870208740e-02
1.104158982634544373e-01,3.063442185521125793e-02,4.655018746852874756e-01,1.025973796844482422e+00,4.591275006532669067e-03,1.797868311405181885e-02
-3.193015977740287781e-02,3.007169440388679504e-02,6.566508412361145020e-01,1.021736741065979004e+00,3.057586029171943665e-03,1.675559580326080322e-02
-3.948485478758811951e-02,2.000092715024948120e-01,6.569544672966003418e-01,1.021856904029846191e+00,4.094520583748817444e-03,1.433509588241577148e-02
-4.441616684198379517e-02,2.383603528141975403e-02,8.418608307838439941e-01,1.015139460563659668e+00,4.209568724036216736e-03,1.782537996768951416e-02
2.248218953609466553e-01,2.168129011988639832e-02,8.436591625213623047e-01,1.013941645622253418e+00,2.573594450950622559e-03,1.617120206356048584e-02
-6.066464260220527649e-02,1.912825927138328552e-02,1.076466798782348633e+00,1.011523842811584473e+00,1.057017408311367035e-02,1.900420710444450378e-02
1.877002120018005371e-01,1.766789332032203674e-02,1.071289539337158203e+00,1.010724425315856934e+00,9.237248450517654419e-03,1.766192913055419922e-02
2.637180387973785400e-01,-1.581635326147079468e-01,1.416490912437438965e+00,1.012337684631347656e+00,1.799801364541053772e-02,1.853906363248825073e-02
2.035831063985824585e-01,2.015677466988563538e-02,1.415656208992004395e+00,1.003953456878662109e+00,1.859640330076217651e-02,1.788273453712463379e-02
6.299307942390441895e-02,1.734111085534095764e-02,1.931523203849792480e+00,9.838508367538452148e-01,2.997164614498615265e-02,2.128757908940315247e-02
3.889515250921249390e-02,2.192820012569427490e-01,1.937635302543640137e+00,9.926022291183471680e-01,3.156865015625953674e-02,1.957976818084716797e-02
-4.426306486129760742e-02,3.563350811600685120e-02,-1.885391235351562500e+00,1.310835123062133789e+00,1.073745265603065491e-02,2.763753756880760193e-02
2.229237556457519531e-01,2.996372058987617493e-02,-1.893790602684020996e+00,1.315854072570800781e+00,7.945884019136428833e-03,2.563410252332687378e-02
5.077196955680847168e-01,3.762552514672279358e-02,-1.886005163192749023e+00,1.317211031913757324e+00,8.137429133057594299e-03,2.213164418935775757e-02
5.185624212026596069e-02,3.783832862973213196e-02,-1.350352168083190918e+00,1.340361356735229492e+00,1.580012030899524689e-02,3.141858428716659546e-02
3.372923433780670166e-01,3.884281590580940247e-02,-1.357782721519470215e+00,1.345314979553222656e+00,1.392856426537036896e-02,2.839058265089988708e-02
2.850321680307388306e-02,-1.418402045965194702e-01,-1.072577238082885742e+00,1.354729175567626953e+00,1.563768275082111359e-02,3.365756571292877197e-02
-4.405694454908370972e-02,3.596283867955207825e-02,-1.031786799430847168e+00,1.346132397651672363e+00,1.753455586731433868e-02,3.284575790166854858e-02
1.612168401479721069e-01,-1.492792218923568726e-01,-7.973080873489379883e-01,1.354212641716003418e+00,1.655251346528530121e-02,3.055831044912338257e-02
1.196842566132545471e-01,3.279530629515647888e-02,-7.743121385574340820e-01,1.352095484733581543e+00,1.897883415222167969e-02,2.964983135461807251e-02
2.207638472318649292e-01,-1.522098183631896973e-01,-5.696045160293579102e-01,1.360316276550292969e+00,1.868562400341033936e-02,2.516301721334457397e-02
1.632753461599349976e-01,2.780474349856376648e-02,-5.596851110458374023e-01,1.361176490783691406e+00,2.094551175832748413e-02,2.488582581281661987e-02
3.478469550609588623e-01,2.403499558568000793e-02,-3.526587486267089844e-01,1.357480406761169434e+00,2.253818511962890625e-02,2.018892019987106323e-02
2.946100533008575439e-01,2.105427831411361694e-01,-3.420248627662658691e-01,1.350903391838073730e+00,2.370340563356876373e-02,1.858197152614593506e-02
2.722246944904327393e-01,2.629786357283592224e-02,-1.800893545150756836e-01,1.349136829376220703e+00,2.354580536484718323e-02,1.989123225212097168e-02
2.280854433774948120e-01,2.075617313385009766e-01,-1.728861331939697266e-01,1.341892242431640625e+00,2.496745064854621887e-02,1.859037578105926514e-02
1.658373326063156128e-02,2.662966772913932800e-02,-1.833993941545486450e-02,1.364235162734985352e+00,2.001302130520343781e-02,2.420710027217864990e-02
-4.491396620869636536e-02,2.000684440135955811e-01,-8.003808557987213135e-03,1.370246410369873047e+00,2.020944096148014069e-02,2.262625098228454590e-02
3.214295506477355957e-01,3.611817583441734314e-02,1.648153066635131836e-01,1.338314890861511230e+00,7.783774286508560181e-03,2.363153174519538879e-02
2.680128216743469238e-01,2.104350477457046509e-01,1.692433655261993408e-01,1.338933706283569336e+00,8.791878819465637207e-03,2.290353178977966309e-02
1.637037545442581177e-01,3.708211705088615417e-02,3.491246402263641357e-01,1.321733117103576660e+00,5.182191729545593262e-03,2.394530922174453735e-02
1.097579151391983032e-01,2.211661636829376221e-01,3.537839353084564209e-01,1.324165225028991699e+00,7.050754502415657043e-03,2.307884395122528076e-02
2.624110877513885498e-01,-1.470562368631362915e-01,4.918615520000457764e-01,1.331831693649291992e+00,2.677634358406066895e-03,2.251546457409858704e-02
1.953494250774383545e-01,3.752547129988670349e-02,5.126762986183166504e-01,1.323878407478332520e+00,2.640808001160621643e-03,2.237253636121749878e-02
-1.069516409188508987e-02,2.684915438294410706e-02,7.180560231208801270e-01,1.312192559242248535e+00,2.798879519104957581e-03,2.250173687934875488e-02
2.724542915821075439e-01,3.360635414719581604e-02,7.180172801017761230e-01,1.318300485610961914e+00,1.281203702092170715e-03,2.000518888235092163e-02
-1.185363605618476868e-01,2.813806757330894470e-02,9.173934459686279297e-01,1.316154479980468750e+00,5.073951557278633118e-03,2.342878282070159912e-02
1.059984341263771057e-01,2.680676057934761047e-02,9.157288670539855957e-01,1.308741331100463867e+00,4.737051203846931458e-03,2.340167015790939331e-02
-4.656126722693443298e-02,2.379540726542472839e-02,1.199709415435791016e+00,1.323196768760681152e+00,1.355533022433519363e-02,2.572570741176605225e-02
1.957260966300964355e-01,2.486028149724006653e-02,1.213202714920043945e+00,1.320417642593383789e+00,1.250781212002038956e-02,2.409321069717407227e-02
1.455536335706710815e-01,2.007624506950378418e-01,1.209689974784851074e+00,1.321216344833374023e+00,1.459528785198926926e-02,2.323176339268684387e-02
1.664580255746841431e-01,1.957382634282112122e-02,1.563661336898803711e+00,1.306194305419921875e+00,2.180941216647624969e-02,2.525067329406738281e-02
1.045182123780250549e-01,1.942877098917961121e-02,2.024309873580932617e+00,1.265032887458801270e+00,3.051555342972278595e-02,2.760222926735877991e-02
3.830111324787139893e-01,2.121599391102790833e-02,2.044292688369750977e+00,1.274325966835021973e+00,3.070552274584770203e-02,2.499015629291534424e-02
1.395541876554489136e-01,3.661238029599189758e-02,-1.619610428810119629e+00,1.880466818809509277e+00,1.676203310489654541e-02,3.222452849149703979e-02
7.364913821220397949e-02,2.271885126829147339e-01,-1.579167604446411133e+00,1.863772988319396973e+00,1.945774629712104797e-02,3.149746358394622803e-02
-9.489441663026809692e-02,-1.486240476369857788e-01,-1.213988661766052246e+00,1.919990181922912598e+00,1.960435509681701660e-02,3.774457424879074097e-02
1.541611552238464355e-01,-1.467015594244003296e-01,-1.202597737312316895e+00,1.913100481033325195e+00,1.859647221863269806e-02,3.577703982591629028e-02
-1.274742186069488525e-01,3.701414540410041809e-02,-1.177676320075988770e+00,1.904619574546813965e+00,2.144990302622318268e-02,3.555668890476226807e-02
3.886798620223999023e-01,3.943696245551109314e-02,-9.309388399124145508e-01,1.895782947540283203e+00,2.117618545889854431e-02,3.216949105262756348e-02
3.099518418312072754e-01,2.308715432882308960e-01,-9.017989635467529297e-01,1.869787216186523438e+00,2.217403799295425415e-02,3.097092360258102417e-02
1.544315665960311890e-01,-1.495447456836700439e-01,-6.886627674102783203e-01,1.906559228897094727e+00,2.180188894271850586e-02,3.403071314096450806e-02
1.002131327986717224e-01,3.029926493763923645e-02,-6.781316399574279785e-01,1.886603951454162598e+00,2.409807592630386353e-02,3.321877121925354004e-02
1.172258779406547546e-01,2.801330760121345520e-02,-4.741998314857482910e-01,1.876391649246215820e+00,2.560613304376602173e-02,2.886097505688667297e-02
3.967494666576385498e-01,2.994964644312858582e-02,-4.678163528442382812e-01,1.875074863433837891e+00,2.502177283167839050e-02,2.552237361669540405e-02
1.326383501291275024e-01,2.548279240727424622e-02,-2.909707427024841309e-01,1.883486509323120117e+00,2.721366100013256073e-02,2.664908021688461304e-02
-1.225953623652458191e-01,2.830949798226356506e-02,-1.250227093696594238e-01,1.894000053405761719e+00,2.832740917801856995e-02,2.636468410491943359e-02
1.106528416275978088e-01,2.439035847783088684e-02,-1.265944242477416992e-01,1.877599120140075684e+00,2.777869254350662231e-02,2.598456293344497681e-02
3.233350217342376709e-01,3.417451307177543640e-02,4.769027978181838989e-02,1.857633948326110840e+00,1.928513869643211365e-02,2.532792836427688599e-02
2.616392970085144043e-01,2.097223103046417236e-01,5.249000340700149536e-02,1.845053434371948242e+00,1.963897794485092163e-02,2.437550947070121765e-02
8.903173357248306274e-02,-1.503828912973403931e-01,2.152448296546936035e-01,1.858930826187133789e+00,1.256593689322471619e-02,3.136428445577621460e-02
3.224486112594604492e-02,3.148094937205314636e-02,2.192859947681427002e-01,1.859925746917724609e+00,1.371035352349281311e-02,3.085204958915710449e-02
2.650970220565795898e-01,4.052615538239479065e-02,4.052743613719940186e-01,1.840970277786254883e+00,9.135992266237735748e-03,2.594431862235069275e-02
2.159277796745300293e-01,2.215381711721420288e-01,4.027312099933624268e-01,1.835507750511169434e+00,1.069757807999849319e-02,2.508920058608055115e-02
5.069015920162200928e-02,-1.457364112138748169e-01,5.647820830345153809e-01,1.888278841972351074e+00,7.949598133563995361e-03,2.876466512680053711e-02
-2.493865042924880981e-02,3.438665345311164856e-02,5.827053189277648926e-01,1.872429370880126953e+00,8.500749245285987854e-03,2.770706266164779663e-02
1.854983270168304443e-01,2.201281860470771790e-02,7.808793187141418457e-01,1.833330631256103516e+00,7.028976455330848694e-03,2.540468052029609680e-02
4.774968028068542480e-01,3.382457420229911804e-02,7.857958674430847168e-01,1.840284824371337891e+00,7.890420034527778625e-03,2.272957935929298401e-02
1.131304726004600525e-01,2.067766711115837097e-02,1.002636194229125977e+00,1.860786914825439453e+00,1.310196425765752792e-02,2.755647897720336914e-02
-1.286861002445220947e-01,1.980487629771232605e-02,1.283549189567565918e+00,1.892938256263732910e+00,2.147355861961841583e-02,2.896697819232940674e-02
8.767018467187881470e-02,2.596063539385795593e-02,1.318398594856262207e+00,1.861786842346191406e+00,2.204584330320358276e-02,2.899070829153060913e-02
1.056651100516319275e-01,2.434019371867179871e-02,1.320333361625671387e+00,1.862165570259094238e+00,2.192043885588645935e-02,2.884550392627716064e-02
3.539548516273498535e-01,2.154956385493278503e-02,1.749431490898132324e+00,1.853399991989135742e+00,2.980221062898635864e-02,2.869170159101486206e-02
2.864853143692016602e-01,2.161325365304946899e-01,1.791061639785766602e+00,1.820358514785766602e+00,3.144782409071922302e-02,2.756107598543167114e-02
1.000975817441940308e-01,-1.480028778314590454e-01,-1.943432211875915527e+00,-1.861013412475585938e+00,-9.488480165600776672e-03,2.435319125652313232e-02
3.376826643943786621e-02,2.187239006161689758e-02,-1.905283331871032715e+00,-1.860182762145996094e+00,-7.784409448504447937e-03,2.468935772776603699e-02
7.935056835412979126e-02,2.571538463234901428e-02,-5.167506337165832520e-01,-2.340704649686813354e-01,1.068576425313949585e-02,5.636405199766159058e-03
1.065930873155593872e-01,2.532259002327919006e-02,-5.167169570922851562e-01,-2.336031943559646606e-01,1.055747549980878830e-02,5.336694419384002686e-03
2.989027798175811768e-01,-1.474138945341110229e-01,-5.137959122657775879e-01,-2.277427464723587036e-01,8.847352117300033569e-03,2.717182040214538574e-03
2.908058762550354004e-01,3.287355229258537292e-02,-5.186904668807983398e-01,-2.310527265071868896e-01,9.339290671050548553e-03,3.032080829143524170e-03
2.793383896350860596e-01,2.181095629930496216e-01,-5.188680291175842285e-01,-2.303378880023956299e-01,1.076680794358253479e-02,2.135291695594787598e-03
1.925455927848815918e-01,2.099693194031715393e-02,-5.165017843246459961e-01,-2.320000231266021729e-01,9.689786471426486969e-03,4.235398024320602417e-03
5.308835953474044800e-02,2.527401968836784363e-02,-5.173852443695068359e-01,-2.346546798944473267e-01,1.080759149044752121e-02,5.931582301855087280e-03
3.508284986019134521e-01,3.159001097083091736e-02,-5.182617902755737305e-01,-2.306430637836456299e-01,9.662172757089138031e-03,2.394858747720718384e-03
3.508284986019134521e-01,3.159001097083091736e-02,-5.182617902755737305e-01,-2.306430637836456299e-01,9.662172757089138031e-03,2.394858747720718384e-03
2.419257909059524536e-01,2.824595943093299866e-02,-5.179111361503601074e-01,-2.313912361860275269e-01,9.266535751521587372e-03,3.612194210290908813e-03
1.123198345303535461e-01,-1.509470492601394653e-01,-5.195111036300659180e-01,-2.296787649393081665e-01,9.464596398174762726e-03,5.202848464250564575e-03
1.154194250702857971e-01,2.761602029204368591e-02,-5.169210433959960938e-01,-2.334880381822586060e-01,1.051779091358184814e-02,5.242127925157546997e-03
1.013180166482925415e-01,2.156753838062286377e-01,-5.173902511596679688e-01,-2.328954786062240601e-01,1.222950685769319534e-02,4.445493221282958984e-03
2.141362279653549194e-01,-1.491854637861251831e-01,-5.164974927902221680e-01,-2.286820262670516968e-01,8.675370365381240845e-03,3.795441240072250366e-03
2.206415534019470215e-01,2.483834698796272278e-02,-2.259374618530273438e+00,-1.833075642585754395e+00,-1.024874858558177948e-02,2.162127196788787842e-02
-1.706608384847640991e-01,2.178711816668510437e-02,-5.273768305778503418e-01,-2.355639785528182983e-01,1.071712281554937363e-02,5.857236683368682861e-03
9.663973003625869751e-02,2.361605688929557800e-02,-5.165385007858276367e-01,-2.337509691715240479e-01,1.057596784085035324e-02,5.443643778562545776e-03
3.870029747486114502e-01,3.276296332478523254e-02,-5.183998346328735352e-01,-2.304169982671737671e-01,9.855205193161964417e-03,2.076882869005203247e-03
2.474735230207443237e-01,2.747580781579017639e-02,-5.182148814201354980e-01,-2.313639968633651733e-01,9.221607819199562073e-03,3.546360880136489868e-03
2.582620978355407715e-01,2.799891307950019836e-02,-5.182422399520874023e-01,-2.313053309917449951e-01,9.140427224338054657e-03,3.392785787582397461e-03
5.538357496261596680e-01,3.812564536929130554e-02,-5.143274068832397461e-01,-2.286549359560012817e-01,1.043196581304073334e-02,3.493130207061767578e-04
1.144625619053840637e-01,2.835794165730476379e-02,-5.168278813362121582e-01,-2.335044294595718384e-01,1.053036190569400787e-02,5.248833447694778442e-03
-3.835853561758995056e-02,-1.541225165128707886e-01,-5.301538109779357910e-01,-2.313153743743896484e-01,9.659109637141227722e-03,6.679527461528778076e-03
-4.380651935935020447e-02,2.987578883767127991e-02,-5.213465094566345215e-01,-2.360642701387405396e-01,1.085392851382493973e-02,6.366070359945297241e-03
-4.192887619137763977e-02,2.105592638254165649e-01,-5.154808759689331055e-01,-2.360145151615142822e-01,1.245160121470689774e-02,4.912141710519790649e-03
1.523436158895492554e-01,-1.505430787801742554e-01,-5.175746679306030273e-01,-2.289284914731979370e-01,9.141893126070499420e-03,4.640378057956695557e-03
1.361837834119796753e-01,2.718183025717735291e-02,-5.170583724975585938e-01,-2.330289632081985474e-01,1.030283607542514801e-02,4.984814673662185669e-03
1.338886469602584839e-01,2.189313322305679321e-01,-5.181835889816284180e-01,-2.322070747613906860e-01,1.192161999642848969e-02,4.022177308797836304e-03
2.938315272331237793e-02,2.120331078767776489e-01,-5.173735618591308594e-01,-2.350528389215469360e-01,1.253351103514432907e-02,5.114227533340454102e-03
1.936931312084197998e-01,-1.515774279832839966e-01,-5.167244076728820801e-01,-2.285446077585220337e-01,8.822299540042877197e-03,4.071839153766632080e-03
2.076859921216964722e-01,2.861603721976280212e-02,-5.169594287872314453e-01,-2.317550033330917358e-01,9.611718356609344482e-03,4.036679863929748535e-03
-6.187134981155395508e-02,2.138069123029708862e-01,-5.148535370826721191e-01,-2.359987348318099976e-01,1.247368939220905304e-02,4.757363349199295044e-03
3.508284986019134521e-01,3.159001097083091736e-02,-5.182617902755737305e-01,-2.306430637836456299e-01,9.662172757089138031e-03,2.394858747720718384e-03
-1.160562857985496521e-01,3.125185891985893250e-02,-5.246778726577758789e-01,-2.359504699707031250e-01,1.078910939395427704e-02,6.137490272521972656e-03
1.637670248746871948e-01,2.535565569996833801e-02,-5.166946649551391602e-01,-2.325123101472854614e-01,9.998741559684276581e-03,4.607945680618286133e-03
6.034973263740539551e-02,2.527545765042304993e-02,-5.172412991523742676e-01,-2.344933897256851196e-01,1.077745668590068817e-02,5.854010581970214844e-03
3.283593356609344482e-01,3.221828117966651917e-02,-5.186855196952819824e-01,-2.308609783649444580e-01,9.549217298626899719e-03,2.657022327184677124e-03
1.276267915964126587e-01,2.628445997834205627e-02,-5.168842673301696777e-01,-2.332224100828170776e-01,1.037847623229026794e-02,5.094394087791442871e-03
-7.116787880659103394e-02,-1.547193378210067749e-01,-5.330228209495544434e-01,-2.314261794090270996e-01,9.395271539688110352e-03,6.667733192443847656e-03
-7.674681395292282104e-02,2.530283108353614807e-02,-5.228876471519470215e-01,-2.361562997102737427e-01,1.074782945215702057e-02,6.325241178274154663e-03
-5.712393671274185181e-02,2.124981731176376343e-01,-5.149436593055725098e-01,-2.360022068023681641e-01,1.246969122439622879e-02,4.802130162715911865e-03
