1.975081562995910645e-01,1.978843510150909424e-01,-4.092153608798980713e-01
-1.511897519230842590e-02,-7.884079217910766602e-02,-2.138528600335121155e-02
-4.658444970846176147e-02,-8.616386353969573975e-02,-1.996267586946487427e-03
-9.468500316143035889e-02,1.509201526641845703e-02,1.299202442169189453e-01
-6.980448216199874878e-02,6.772619485855102539e-02,1.089816540479660034e-01
-4.946462064981460571e-02,1.089529097080230713e-01,1.119562238454818726e-01
-3.075188398361206055e-02,1.659925580024719238e-01,1.231079697608947754e-01
-1.300235092639923096e-02,2.002620398998260498e-01,1.373393386602401733e-01
1.509268581867218018e-02,2.599417269229888916e-01,1.245090812444686890e-01
4.550860077142715454e-02,3.032076656818389893e-01,1.275837272405624390e-01
1.468296796083450317e-01,9.320403635501861572e-02,-4.072294831275939941e-01
1.427365392446517944e-01,9.431622922420501709e-02,-4.103055894374847412e-01
1.295344531536102295e-01,7.266353815793991089e-02,-3.896632790565490723e-01
1.212843358516693115e-01,6.979202479124069214e-02,-3.741596937179565430e-01
1.141855865716934204e-01,6.031671166419982910e-02,-3.856268823146820068e-01
1.009827852249145508e-01,5.451530218124389648e-02,-4.270344376564025879e-01
9.246565401554107666e-02,3.426011651754379272e-02,-3.947875201702117920e-01
8.614024519920349121e-02,3.046277910470962524e-02,-3.763259947299957275e-01
8.081717044115066528e-02,2.255456149578094482e-02,-3.865636289119720459e-01
6.336359679698944092e-02,1.971781253814697266e-02,-3.760874867439270020e-01
5.267703160643577576e-02,8.495017886161804199e-03,-3.766411244869232178e-01
4.203832149505615234e-02,1.751422882080078125e-03,-3.724127709865570068e-01
4.008479416370391846e-02,-8.612528443336486816e-03,-3.805047571659088135e-01
1.815025508403778076e-02,-2.015247941017150879e-02,-3.668117821216583252e-01
1.237874850630760193e-02,-2.314440906047821045e-02,-3.645251095294952393e-01
1.206055283546447754e-03,-3.411951661109924316e-02,-3.394300639629364014e-01
-1.348143815994262695e-02,-3.939568996429443359e-02,-3.317390084266662598e-01
-2.881172299385070801e-02,-4.287008941173553467e-02,-3.546246886253356934e-01
-3.940002620220184326e-02,-6.733830273151397705e-02,-3.249779045581817627e-01
-4.791230708360671997e-02,-7.143935561180114746e-02,-3.400906026363372803e-01
1.005607321858406067e-01,7.449699193239212036e-02,-3.450616821646690369e-02
6.271186470985412598e-02,1.281907856464385986e-01,-2.467013522982597351e-02
3.099718689918518066e-02,1.947182714939117432e-01,-1.596817746758460999e-02
5.085997283458709717e-03,2.574008405208587646e-01,-1.600491628050804138e-02
-1.259279623627662659e-02,3.199519813060760498e-01,-1.663606986403465271e-02
9.910708665847778320e-02,-3.169947862625122070e-02,-1.734255552291870117e+00
7.703688740730285645e-02,-8.509293198585510254e-03,-1.728047132492065430e+00
5.964675173163414001e-02,2.557760477066040039e-02,-1.722360610961914062e+00
4.226472973823547363e-02,5.150698125362396240e-02,-1.719474792480468750e+00
1.022550463676452637e-02,8.013813197612762451e-02,-1.709876894950866699e+00
-2.283092588186264038e-03,1.024491190910339355e-01,-1.694393634796142578e+00
-2.654890716075897217e-02,1.288771927356719971e-01,-1.681821823120117188e+00
-9.930691123008728027e-02,1.603439450263977051e-01,-1.676887512207031250e+00
-1.752888858318328857e-01,1.900280117988586426e-01,-1.678076744079589844e+00
-2.582857310771942139e-01,2.128395140171051025e-01,-1.655866146087646484e+00
-9.479048848152160645e-02,9.927448630332946777e-02,-3.931599855422973633e-02
-2.950201183557510376e-02,1.234406530857086182e-01,-5.666305124759674072e-02
1.834386959671974182e-02,1.525388658046722412e-01,-8.440156280994415283e-02
7.613834738731384277e-02,1.685500741004943848e-01,-4.427253827452659607e-02
1.363080143928527832e-01,2.056282013654708862e-01,-2.771146968007087708e-02
8.526897430419921875e-02,-1.721780002117156982e-02,1.495559066534042358e-01
5.495195090770721436e-02,-2.815264463424682617e-02,1.382812559604644775e-01
-7.670935243368148804e-03,-5.265781283378601074e-02,1.787043213844299316e-01
-4.568240791559219360e-02,-5.880780518054962158e-02,1.750218123197555542e-01
-1.051547378301620483e-01,-8.198106288909912109e-02,1.581661403179168701e-01
-4.611536860466003418e-02,3.405036777257919312e-02,-7.323406636714935303e-03
-3.791137784719467163e-02,8.235120773315429688e-02,-1.154769957065582275e-02
-3.593573719263076782e-02,1.389300972223281860e-01,4.949133843183517456e-03
-4.369241744279861450e-02,2.084566056728363037e-01,4.105206206440925598e-02
-3.520247340202331543e-02,2.758309841156005859e-01,2.115354686975479126e-02
-3.309223055839538574e-02,3.121916949748992920e-01,2.020636945962905884e-02
-3.391313552856445312e-02,-7.001788914203643799e-02,4.601459950208663940e-03
-2.519226074218750000e-02,-6.378963589668273926e-02,-1.573063433170318604e-03
-1.682968065142631531e-02,-5.215978622436523438e-02,-4.010893404483795166e-03
-8.911065757274627686e-03,-3.953771293163299561e-02,7.076535373926162720e-03
-8.818104863166809082e-03,-3.664393723011016846e-02,9.847864508628845215e-03
3.256060183048248291e-03,-2.868987619876861572e-02,5.655217915773391724e-03
3.256060183048248291e-03,-2.868987619876861572e-02,5.655217915773391724e-03
1.242498308420181274e-02,-3.350955247879028320e-02,1.087980717420578003e-02
2.033905312418937683e-02,-2.968665957450866699e-02,2.439764514565467834e-02
-4.012756794691085815e-02,-2.896332740783691406e-02,1.913044303655624390e-01
3.885759413242340088e-02,-1.770775020122528076e-02,1.760501265525817871e-01
8.286803960800170898e-02,-1.068316400051116943e-02,1.540182530879974365e-01
1.246368363499641418e-01,-1.395028829574584961e-02,1.965847760438919067e-01
1.575770825147628784e-01,-3.596536815166473389e-03,1.881468147039413452e-01
6.956542283296585083e-02,-5.980503559112548828e-02,-9.181837439537048340e-01
6.030703336000442505e-02,-3.807738423347473145e-02,-9.345447421073913574e-01
5.092285946011543274e-02,-2.278012037277221680e-02,-9.260956645011901855e-01
3.762869909405708313e-02,-1.207351684570312500e-03,-9.114909768104553223e-01
3.861002996563911438e-02,1.256181299686431885e-02,-9.175857901573181152e-01
3.074336424469947815e-02,2.470150589942932129e-02,-9.152010679244995117e-01
2.293832600116729736e-02,4.213565587997436523e-02,-9.082143902778625488e-01
1.524154841899871826e-02,6.261073797941207886e-02,-8.843487501144409180e-01
4.867605865001678467e-03,7.983630895614624023e-02,-8.880817294120788574e-01
1.681189984083175659e-03,8.640836179256439209e-02,-8.797112107276916504e-01
-3.333196043968200684e-03,1.038788855075836182e-01,-8.820194602012634277e-01
-6.913937628269195557e-03,1.171202063560485840e-01,-8.810717463493347168e-01
-2.004942297935485840e-02,1.332258135080337524e-01,-8.752357959747314453e-01
-2.790199965238571167e-02,1.485484987497329712e-01,-8.840462565422058105e-01
-3.257291018962860107e-02,1.669619083404541016e-01,-8.723049759864807129e-01
-3.050675988197326660e-02,1.868718564510345459e-01,-8.643378615379333496e-01
-3.480727970600128174e-02,2.008769214153289795e-01,-8.738338947296142578e-01
-4.988440871238708496e-02,2.257152497768402100e-01,-8.715525269508361816e-01
-5.913397669792175293e-02,2.348740398883819580e-01,-8.581739068031311035e-01
-5.975699424743652344e-02,2.575393021106719971e-01,-8.663154244422912598e-01
-6.549446284770965576e-02,2.757117748260498047e-01,-8.601490855216979980e-01
-1.560531184077262878e-02,-2.055904269218444824e-02,1.271227151155471802e-01
-5.389536917209625244e-02,-6.945312023162841797e-03,1.563028097152709961e-01
-1.140208840370178223e-01,3.386268764734268188e-02,1.654067784547805786e-01
-1.658082157373428345e-01,5.035410821437835693e-02,1.348135024309158325e-01
-7.134215533733367920e-02,2.010882496833801270e-01,1.250498443841934204e-01
-2.484306693077087402e-02,2.327063083648681641e-01,1.016934067010879517e-01
2.816171944141387939e-02,2.367401421070098877e-01,7.832445204257965088e-02
7.572095096111297607e-02,2.514116764068603516e-01,1.016142368316650391e-01
1.087371408939361572e-01,2.595593035221099854e-01,1.237734705209732056e-01
-1.129740178585052490e-01,3.597973287105560303e-02,1.064198613166809082e-01
-1.197984069585800171e-02,1.997929811477661133e-02,4.900002852082252502e-02
-1.523018628358840942e-02,1.367687433958053589e-02,4.195500537753105164e-02
1.634227484464645386e-02,-1.089979708194732666e-02,5.511850491166114807e-02
5.996953696012496948e-02,-2.493560314178466797e-02,7.005152106285095215e-02
9.437178075313568115e-02,-5.211800336837768555e-02,6.913995742797851562e-02
1.295370757579803467e-01,-7.354632019996643066e-02,6.096497550606727600e-02
-2.192888408899307251e-03,-3.489470481872558594e-02,8.981516957283020020e-02
-4.495105147361755371e-02,-7.699087262153625488e-03,1.209642142057418823e-01
-1.034818291664123535e-01,3.056686371564865112e-02,1.490782350301742554e-01
-1.518074572086334229e-01,4.656066745519638062e-02,1.001762449741363525e-01
-2.091429531574249268e-01,6.170406192541122437e-02,7.699730992317199707e-02
-1.277921795845031738e-01,9.573365747928619385e-02,-4.738227277994155884e-02
-1.815638244152069092e-01,8.241659402847290039e-02,-8.891189098358154297e-02
2.355329394340515137e-01,1.439023762941360474e-01,-2.473505020141601562e+00
2.293588221073150635e-01,2.210533022880554199e-01,-2.450129032135009766e+00
-5.810434371232986450e-02,-1.149128824472427368e-01,-9.994100332260131836e-01
1.404464691877365112e-01,1.171390414237976074e-01,-4.297054708003997803e-01
1.192418932914733887e-01,9.702789783477783203e-02,-4.396523535251617432e-01
9.300555288791656494e-02,8.454199135303497314e-02,-4.453695714473724365e-01
5.680825933814048767e-02,6.171085685491561890e-02,-4.231587350368499756e-01
7.390682399272918701e-02,1.774236559867858887e-03,-4.544707834720611572e-01
4.607017710804939270e-02,-1.082929968833923340e-02,-4.559913575649261475e-01
4.737691581249237061e-02,-6.164936721324920654e-02,-4.418089985847473145e-01
1.525539532303810120e-02,-8.440804481506347656e-02,-4.508724808692932129e-01
-7.736900448799133301e-02,1.893076300621032715e-02,-4.437679350376129150e-01
-5.607849359512329102e-02,9.918360412120819092e-02,-4.577052891254425049e-01
-2.712198346853256226e-02,1.776572465896606445e-01,-4.324515163898468018e-01
4.971340298652648926e-03,2.415363192558288574e-01,-4.245346486568450928e-01
3.527939319610595703e-02,3.044760227203369141e-01,-4.139963984489440918e-01
-1.588700711727142334e-01,3.914456069469451904e-02,-9.494213461875915527e-01
2.863128855824470520e-02,2.634773254394531250e-01,-1.973402798175811768e-01
8.063881099224090576e-02,2.587479352951049805e-01,-1.495978832244873047e-01
-1.001351475715637207e-01,-6.915420293807983398e-03,-7.430233359336853027e-01
-1.058788597583770752e-01,1.027429103851318359e-02,-7.361618876457214355e-01
-1.106354147195816040e-01,2.850247919559478760e-02,-7.483207583427429199e-01
-1.169056892395019531e-01,3.999277949333190918e-02,-7.631863355636596680e-01
-1.225534081459045410e-01,5.180290341377258301e-02,-7.729000449180603027e-01
-1.313105523586273193e-01,6.747567653656005859e-02,-7.804509401321411133e-01
-1.393299251794815063e-01,8.833689987659454346e-02,-7.932690978050231934e-01
-1.502054035663604736e-01,1.049374043941497803e-01,-7.993474602699279785e-01
-1.599940359592437744e-01,1.218578517436981201e-01,-8.123257160186767578e-01
-1.637068241834640503e-01,1.394063830375671387e-01,-8.309895992279052734e-01
-1.618382334709167480e-01,1.586165428161621094e-01,-8.421007990837097168e-01
8.402948826551437378e-02,2.144251465797424316e-01,1.487510651350021362e-01
4.038657993078231812e-02,1.956026405096054077e-01,1.336180716753005981e-01
-2.719121426343917847e-02,1.707476526498794556e-01,1.245174854993820190e-01
-9.266547858715057373e-02,1.521295905113220215e-01,1.546075195074081421e-01
-1.457306444644927979e-01,1.511103659868240356e-01,1.545262187719345093e-01
8.878427743911743164e-02,-6.089806556701660156e-02,-1.662709951400756836e+00
1.734042167663574219e-01,-3.101062774658203125e-02,-1.651564836502075195e+00
2.827132344245910645e-01,1.036442816257476807e-02,-1.663136482238769531e+00
-8.587627112865447998e-02,3.391148149967193604e-02,1.789890080690383911e-01
-2.754916995763778687e-02,-2.899616956710815430e-04,1.808219254016876221e-01
4.271321743726730347e-02,-2.776271104812622070e-02,1.269174218177795410e-01
9.181331843137741089e-02,-4.887111485004425049e-02,1.491145789623260498e-01
7.097910344600677490e-02,1.482456922531127930e-01,-4.292087852954864502e-01
2.552847191691398621e-02,1.413631141185760498e-01,-4.203845560550689697e-01
-3.046102076768875122e-02,1.333712190389633179e-01,-3.957242071628570557e-01
-8.265158534049987793e-02,1.320400238037109375e-01,-4.025954008102416992e-01
-1.255064010620117188e-01,1.177628934383392334e-01,-4.280268251895904541e-01
-1.841825544834136963e-01,1.052353829145431519e-01,-3.921444714069366455e-01
5.179730057716369629e-02,1.976786553859710693e-01,-1.466575711965560913e-01
3.605562448501586914e-02,1.859405338764190674e-01,-1.402257382869720459e-01
2.953049540519714355e-02,1.759384721517562866e-01,-1.471308916807174683e-01
2.363637834787368774e-02,1.706858724355697632e-01,-1.294703781604766846e-01
2.050932869315147400e-02,1.666924208402633667e-01,-1.421389877796173096e-01
2.057629078626632690e-02,1.538433879613876343e-01,-1.328053474426269531e-01
2.172977849841117859e-02,1.332851350307464600e-01,-1.347148418426513672e-01
2.699210494756698608e-02,1.255356967449188232e-01,-1.459629386663436890e-01
1.828626170754432678e-02,1.215779930353164673e-01,-1.505133211612701416e-01
1.600145921111106873e-02,1.158401370048522949e-01,-1.389086246490478516e-01
8.615963160991668701e-03,1.087317466735839844e-01,-1.341565996408462524e-01
4.151832312345504761e-03,9.033820033073425293e-02,-1.349701136350631714e-01
-3.788895905017852783e-03,7.875804603099822998e-02,-1.446914970874786377e-01
-1.037896424531936646e-02,7.067344337701797485e-02,-1.369865089654922485e-01
-1.334278285503387451e-02,6.750549376010894775e-02,-1.255713552236557007e-01
-1.438039541244506836e-02,5.247424542903900146e-02,-1.391357332468032837e-01
-1.752264052629470825e-02,3.381329774856567383e-02,-1.388449072837829590e-01
-1.931792497634887695e-02,2.968341112136840820e-02,-1.467657387256622314e-01
-2.906222641468048096e-02,-3.270515799522399902e-02,-1.270104199647903442e-01
-2.711873501539230347e-02,-1.032885611057281494e-01,-1.433788090944290161e-01
1.034362092614173889e-01,-4.641562700271606445e-03,-9.040638804435729980e-01
5.396209657192230225e-02,5.350089073181152344e-02,-8.873506784439086914e-01
6.993152201175689697e-03,1.003557145595550537e-01,-8.794637322425842285e-01
-3.937995433807373047e-02,1.512171179056167603e-01,-8.774799108505249023e-01
-9.108039736747741699e-02,2.131347954273223877e-01,-8.798046708106994629e-01
-1.496427059173583984e-01,2.701750099658966064e-01,-8.765662908554077148e-01
-1.175021529197692871e-01,1.443696320056915283e-01,-1.408561468124389648e-01
-1.285940855741500854e-01,5.859732627868652344e-02,-1.826919913291931152e-01
-1.172785758972167969e-01,2.046887576580047607e-02,-1.582393348217010498e-01
-1.210332214832305908e-01,-5.487747490406036377e-02,-2.027705907821655273e-01
1.279209852218627930e-01,6.202920526266098022e-02,5.938266590237617493e-02
1.157155558466911316e-01,6.274041533470153809e-02,6.405605375766754150e-02
1.070986986160278320e-01,6.818079948425292969e-02,4.897224530577659607e-02
7.390363514423370361e-02,7.364641129970550537e-02,4.680094495415687561e-02
6.379516422748565674e-02,7.659079134464263916e-02,2.925213053822517395e-02
5.872466042637825012e-02,7.102128863334655762e-02,4.857116565108299255e-02
5.330657213926315308e-02,8.009134232997894287e-02,6.798385083675384521e-02
3.096567094326019287e-02,8.736763894557952881e-02,5.618528649210929871e-02
1.238590478897094727e-02,8.284300565719604492e-02,4.001035168766975403e-02
7.070679217576980591e-03,8.095471560955047607e-02,2.939299866557121277e-02
-9.081829339265823364e-03,8.892631530761718750e-02,3.409646824002265930e-02
-2.187322080135345459e-02,8.721435070037841797e-02,4.373081400990486145e-02
-5.118587613105773926e-02,1.035107076168060303e-01,9.941606223583221436e-02
-5.725041031837463379e-02,9.620821475982666016e-02,8.598096668720245361e-02
-6.473757326602935791e-02,9.601171314716339111e-02,8.796595036983489990e-02
-8.419977128505706787e-02,1.050909161567687988e-01,8.761982619762420654e-02
-9.217877686023712158e-02,1.093955039978027344e-01,9.525533020496368408e-02
-1.146028041839599609e-01,1.124899685382843018e-01,9.386613965034484863e-02
-1.291263103485107422e-01,1.085983216762542725e-01,1.248876601457595825e-01
-1.452783495187759399e-01,1.141487210988998413e-01,1.335680484771728516e-01
-1.557117402553558350e-01,1.068366020917892456e-01,1.184411197900772095e-01
-1.706422269344329834e-01,1.003786772489547729e-01,1.041089445352554321e-01
-1.135908663272857666e-01,1.771330237388610840e-01,-1.372201442718505859e-01
-7.436817139387130737e-02,2.435711920261383057e-01,-1.080720275640487671e-01
-3.872318565845489502e-02,2.969439923763275146e-01,-1.277052313089370728e-01
6.430324912071228027e-02,-1.832111179828643799e-02,4.199454560875892639e-02
1.631449162960052490e-02,-2.824664115905761719e-03,1.071011647582054138e-02
-1.906051486730575562e-02,2.530708909034729004e-03,1.454779133200645447e-02
-6.212478876113891602e-02,-5.786567926406860352e-04,4.569232836365699768e-02
-1.255785375833511353e-01,2.013209462165832520e-02,6.651531159877777100e-02
-1.738898754119873047e-01,2.911536395549774170e-02,4.833519831299781799e-02
6.361149251461029053e-02,-2.823853492736816406e-02,1.135519891977310181e-01
6.361149251461029053e-02,-2.823853492736816406e-02,1.135519891977310181e-01
5.937558412551879883e-02,-2.231444418430328369e-02,1.285182535648345947e-01
5.413813143968582153e-02,-1.734860241413116455e-02,1.121533960103988647e-01
4.545004665851593018e-02,-1.179596781730651855e-02,1.233411878347396851e-01
2.460923418402671814e-02,7.688462734222412109e-03,1.152119189500808716e-01
1.708395034074783325e-02,1.227755844593048096e-02,1.130345612764358521e-01
2.049274742603302002e-02,1.970952004194259644e-02,1.011467278003692627e-01
1.267372816801071167e-02,2.471090108156204224e-02,1.280530542135238647e-01
-1.994352787733078003e-03,3.667137771844863892e-02,1.085104942321777344e-01
-1.872952282428741455e-02,4.671102017164230347e-02,1.471397727727890015e-01
-2.219312638044357300e-02,5.542267858982086182e-02,1.300220191478729248e-01
-2.219312638044357300e-02,5.542267858982086182e-02,1.300220191478729248e-01
-5.669054388999938965e-02,6.900116801261901855e-02,1.657217442989349365e-01
-7.092775404453277588e-02,8.130867779254913330e-02,1.572836488485336304e-01
-7.087920606136322021e-02,7.666057348251342773e-02,1.409333646297454834e-01
-7.304136455059051514e-02,8.062554150819778442e-02,1.250253170728683472e-01
-7.982909679412841797e-02,8.734707534313201904e-02,1.521377414464950562e-01
-8.764545619487762451e-02,9.163010120391845703e-02,1.681145876646041870e-01
-9.248939156532287598e-02,1.051665693521499634e-01,1.696916073560714722e-01
-1.026766151189804077e-01,1.207681894302368164e-01,1.854468733072280884e-01
-1.089983731508255005e-01,1.295345276594161987e-01,1.911402791738510132e-01
-1.163033545017242432e-01,1.391610503196716309e-01,1.926439255475997925e-01
-1.195771396160125732e-01,1.415722668170928955e-01,1.682996898889541626e-01
-1.248749643564224243e-01,1.452098637819290161e-01,1.854702681303024292e-01
-1.292356699705123901e-01,1.534323245286941528e-01,1.800635904073715210e-01
-1.445732265710830688e-01,1.561878919601440430e-01,1.705181300640106201e-01
-1.438870579004287720e-01,1.645090281963348389e-01,1.816811710596084595e-01
-5.025529861450195312e-02,1.311773508787155151e-01,-2.419824898242950439e-02
-5.134753882884979248e-04,1.035712808370590210e-01,-5.082585662603378296e-02
3.433936089277267456e-02,7.691404968500137329e-02,-5.564076825976371765e-02
9.804083406925201416e-02,5.180377513170242310e-02,-4.498301073908805847e-02
1.574087142944335938e-01,1.897025853395462036e-02,-2.661471441388130188e-02
-1.124955415725708008e-01,9.520263969898223877e-02,4.909672960638999939e-02
-6.949323415756225586e-02,1.038725376129150391e-01,5.632149055600166321e-02
-6.568330526351928711e-02,1.050056815147399902e-01,6.366994976997375488e-02
-7.386512309312820435e-02,9.196972846984863281e-02,7.379706203937530518e-02
-7.651537656784057617e-02,7.708436995744705200e-02,5.385101214051246643e-02
-8.674949407577514648e-02,6.722441315650939941e-02,6.793828308582305908e-02
-8.851177990436553955e-02,6.353386491537094116e-02,6.287863850593566895e-02
-1.090318113565444946e-01,4.891006648540496826e-02,9.087891876697540283e-02
-1.112515330314636230e-01,3.701546043157577515e-02,1.164189130067825317e-01
-1.104995012283325195e-01,2.475486695766448975e-02,1.127956807613372803e-01
-1.204791516065597534e-01,1.947150379419326782e-02,9.554420411586761475e-02
-1.188977509737014771e-01,3.997310996055603027e-03,1.117369681596755981e-01
-1.326263546943664551e-01,-2.992779016494750977e-03,1.110377758741378784e-01
-1.358296573162078857e-01,-2.089296281337738037e-02,1.091473251581192017e-01
9.249226748943328857e-02,5.705601722002029419e-02,-3.219385817646980286e-02
4.618088901042938232e-02,2.409078180789947510e-02,-1.641285791993141174e-02
1.960366964340209961e-03,-1.485674083232879639e-02,-1.304987445473670959e-02
-2.871374785900115967e-02,-5.376794934272766113e-02,2.308122813701629639e-03
-7.082942128181457520e-02,-9.027734398841857910e-02,8.151717483997344971e-04
3.606938570737838745e-02,2.423793077468872070e-01,2.049962729215621948e-01
-1.281820237636566162e-03,3.795607388019561768e-02,-5.062531232833862305e-01
9.061638265848159790e-03,9.772562980651855469e-02,-5.100163221359252930e-01
2.982612699270248413e-02,1.557430475950241089e-01,-4.809186160564422607e-01
5.018648505210876465e-02,2.092798650264739990e-01,-4.885374009609222412e-01
6.393926590681076050e-02,2.510759234428405762e-01,-4.945047795772552490e-01
7.564680278301239014e-02,3.102386295795440674e-01,-5.067978501319885254e-01
-6.080167740583419800e-02,3.502701222896575928e-01,-2.361354351043701172e+00
3.980725631117820740e-02,4.185221493244171143e-01,-2.351542472839355469e+00
-4.671955108642578125e-02,4.537238925695419312e-02,7.482182234525680542e-03
-7.744546979665756226e-03,7.838808745145797729e-02,-1.365453749895095825e-02
1.862800866365432739e-02,9.268160164356231689e-02,-1.849456131458282471e-02
5.669315904378890991e-02,1.187288910150527954e-01,-2.747964113950729370e-03
8.978949487209320068e-02,1.422577202320098877e-01,2.990968897938728333e-02
1.290779113769531250e-01,1.698353886604309082e-01,3.504684194922447205e-02
1.634559631347656250e-01,2.068090736865997314e-01,4.978087916970252991e-02
1.183743923902511597e-01,1.700436472892761230e-01,-9.587944149971008301e-01
1.058308854699134827e-01,1.380805671215057373e-01,-9.457148909568786621e-01
9.163297712802886963e-02,9.893344342708587646e-02,-9.404378533363342285e-01
7.606908679008483887e-02,5.268669128417968750e-02,-9.384902119636535645e-01
7.189166545867919922e-02,1.038287580013275146e-02,-9.395712018013000488e-01
4.894819483160972595e-02,-2.941477298736572266e-02,-9.394156336784362793e-01
4.658755287528038025e-02,-7.626534998416900635e-02,-9.300129413604736328e-01
2.206630632281303406e-02,-1.175789535045623779e-01,-9.257928133010864258e-01
-6.333510577678680420e-02,2.192379832267761230e-01,9.528069198131561279e-02
-1.108845323324203491e-02,2.586594223976135254e-01,5.050816014409065247e-02
2.168431878089904785e-02,2.772712111473083496e-01,4.887021705508232117e-02
7.000654935836791992e-02,3.067838251590728760e-01,6.002614274621009827e-02
-1.538686454296112061e-01,9.835051000118255615e-02,-7.030832171440124512e-01
-1.457486301660537720e-01,1.444195359945297241e-01,-6.868205070495605469e-01
-1.479407399892807007e-01,1.964807212352752686e-01,-6.915544271469116211e-01
-1.342186331748962402e-01,2.522390484809875488e-01,-6.711192131042480469e-01
-5.895340442657470703e-02,-5.124856531620025635e-02,-9.302571415901184082e-02
-4.084180295467376709e-02,-1.916790008544921875e-02,-1.334322243928909302e-01
-2.140402793884277344e-02,1.404443383216857910e-02,-1.117578446865081787e-01
-1.061724126338958740e-02,3.154942393302917480e-02,-1.290941983461380005e-01
1.342500001192092896e-02,5.687838047742843628e-02,-1.278548389673233032e-01
4.157207533717155457e-02,9.497670829296112061e-02,-1.110467910766601562e-01
6.626775115728378296e-02,1.108853965997695923e-01,-8.525300025939941406e-02
1.350129991769790649e-01,1.555096805095672607e-01,-9.413300454616546631e-02
1.157121360301971436e-01,1.603918373584747314e-01,-8.304160833358764648e-02
1.772145479917526245e-01,2.121954858303070068e-01,-7.969625294208526611e-02
-8.953182399272918701e-02,-2.414414286613464355e-02,-8.807161450386047363e-01
-1.036759912967681885e-01,-7.981151342391967773e-03,-8.947052955627441406e-01
-1.173385679721832275e-01,1.994521915912628174e-02,-8.858699202537536621e-01
-1.347461342811584473e-01,4.022096097469329834e-02,-8.816006779670715332e-01
-1.489154696464538574e-01,5.716113746166229248e-02,-8.873835802078247070e-01
-1.595092564821243286e-01,8.081781864166259766e-02,-8.967286348342895508e-01
-1.776079833507537842e-01,1.016494631767272949e-01,-8.818780779838562012e-01
-1.832068860530853271e-01,1.189410388469696045e-01,-8.871338367462158203e-01
-1.235816627740859985e-02,-2.900840342044830322e-02,-1.212388724088668823e-01
-4.849885404109954834e-02,-1.738658547401428223e-02,-1.250153332948684692e-01
-1.245597749948501587e-01,1.267996430397033691e-02,-1.117040961980819702e-01
-1.800458580255508423e-01,8.193194866180419922e-03,-1.319520026445388794e-01
-4.624105989933013916e-03,-6.766560673713684082e-02,-2.812918722629547119e-01
-3.585819154977798462e-03,-5.651529133319854736e-02,-2.811920046806335449e-01
-9.331189095973968506e-03,-4.653215408325195312e-02,-2.833210527896881104e-01
-1.286532357335090637e-02,-3.854931890964508057e-02,-2.928020656108856201e-01
-1.774503290653228760e-02,-3.545908629894256592e-02,-3.021938800811767578e-01
-2.552621066570281982e-02,-3.078006207942962646e-02,-2.969396412372589111e-01
-3.518070280551910400e-02,-2.114492654800415039e-02,-2.917618751525878906e-01
-4.315485060214996338e-02,-1.539964973926544189e-02,-2.831369638442993164e-01
-5.184365808963775635e-02,-5.390122532844543457e-03,-2.891692817211151123e-01
-5.855447798967361450e-02,3.492861986160278320e-03,-3.018739819526672363e-01
-6.685599684715270996e-02,1.555646955966949463e-02,-3.064298331737518311e-01
-7.018069177865982056e-02,1.521377265453338623e-02,-3.142026960849761963e-01
-7.215043902397155762e-02,2.226892113685607910e-02,-3.123904764652252197e-01
-7.255853712558746338e-02,2.827782928943634033e-02,-3.143073022365570068e-01
-7.932793349027633667e-02,4.649960249662399292e-02,-3.073267638683319092e-01
-8.752986788749694824e-02,5.085353553295135498e-02,-3.317491710186004639e-01
-9.514293074607849121e-02,6.226446479558944702e-02,-3.193280696868896484e-01
-1.012770086526870728e-01,6.717525422573089600e-02,-2.851517200469970703e-01
-1.084479093551635742e-01,8.111152052879333496e-02,-2.801596820354461670e-01
-1.097311824560165405e-01,8.110910654067993164e-02,-2.831793129444122314e-01
-1.215187460184097290e-01,9.412458539009094238e-02,-2.714089453220367432e-01
-1.215187460184097290e-01,9.412458539009094238e-02,-2.714089453220367432e-01
-1.230300366878509521e-01,1.085908561944961548e-01,-2.764564156532287598e-01
-1.274471282958984375e-01,1.148439049720764160e-01,-2.613614499568939209e-01
-1.404892057180404663e-01,1.319879740476608276e-01,-2.491452544927597046e-01
-1.503386944532394409e-01,1.386427730321884155e-01,-2.671060860157012939e-01
-1.562246531248092651e-01,1.443725526332855225e-01,-2.559278309345245361e-01
-1.670561134815216064e-01,1.459037363529205322e-01,-2.647491693496704102e-01
-1.125747442245483398e+00,-1.955150246620178223e+00,5.657256245613098145e-01
6.652745604515075684e-02,-5.884489417076110840e-02,-6.356713175773620605e-01
7.624518126249313354e-03,-1.117427647113800049e-02,-6.463702321052551270e-01
-5.878062546253204346e-02,3.594090044498443604e-02,-6.378276944160461426e-01
-1.426691710948944092e-01,6.967729330062866211e-02,-6.564423441886901855e-01
5.478383973240852356e-02,2.215859889984130859e-01,-4.761755168437957764e-01
5.863718688488006592e-03,2.337115705013275146e-01,-4.569396078586578369e-01
-4.741214215755462646e-02,2.317338287830352783e-01,-4.618889987468719482e-01
-9.484188258647918701e-02,2.427030205726623535e-01,-4.444691240787506104e-01
5.276431888341903687e-02,2.132715880870819092e-01,2.120790630578994751e-01
3.430249541997909546e-02,2.071993350982666016e-01,2.620629966259002686e-01
4.436615854501724243e-02,2.019077688455581665e-01,2.600666582584381104e-01
6.058003008365631104e-02,1.869959682226181030e-01,2.531320154666900635e-01
7.228376716375350952e-02,1.894728690385818481e-01,1.972749084234237671e-01
7.627590745687484741e-02,1.909120678901672363e-01,1.913037151098251343e-01
9.118979424238204956e-02,1.922201961278915405e-01,2.154542356729507446e-01
9.474678337574005127e-02,1.881430149078369141e-01,2.440205961465835571e-01
9.485086798667907715e-02,1.841896772384643555e-01,2.378095835447311401e-01
1.026160046458244324e-01,1.787717342376708984e-01,2.209338098764419556e-01
1.308765113353729248e-01,1.548280268907546997e-01,3.538735210895538330e-01
1.331462860107421875e-01,1.565050929784774780e-01,3.407833278179168701e-01
1.605223566293716431e-01,1.666304916143417358e-01,3.135214149951934814e-01
-3.542311489582061768e-03,2.388457357883453369e-01,-2.873518764972686768e-01
2.295039594173431396e-03,2.297560274600982666e-01,-2.827807366847991943e-01
2.295039594173431396e-03,2.297560274600982666e-01,-2.827807366847991943e-01
-1.278617978096008301e-02,2.160328924655914307e-01,-2.729772925376892090e-01
-1.745293289422988892e-02,2.121331095695495605e-01,-2.693128883838653564e-01
-2.096003293991088867e-02,1.996218264102935791e-01,-2.648116350173950195e-01
-3.142156451940536499e-02,1.860541105270385742e-01,-2.563512325286865234e-01
-3.941635787487030029e-02,1.817168891429901123e-01,-2.812076508998870850e-01
-5.245536565780639648e-02,1.731145381927490234e-01,-2.796532213687896729e-01
-5.406022071838378906e-02,1.653479188680648804e-01,-2.684664130210876465e-01
-5.642513185739517212e-02,1.615892350673675537e-01,-2.693298757076263428e-01
-5.869375169277191162e-02,1.517298817634582520e-01,-2.715893983840942383e-01
-7.100571691989898682e-02,1.338826864957809448e-01,-2.716924250125885010e-01
-7.827891409397125244e-02,1.293901056051254272e-01,-2.500117719173431396e-01
-8.457571268081665039e-02,1.052053421735763550e-01,-2.523125112056732178e-01
-8.522796630859375000e-02,9.913071990013122559e-02,-2.516071498394012451e-01
-1.013009548187255859e-01,8.695702254772186279e-02,-2.424667924642562866e-01
-1.028085947036743164e-01,8.060090243816375732e-02,-2.545919120311737061e-01
-1.162137091159820557e-01,6.478357315063476562e-02,-2.282395809888839722e-01
-1.222714185714721680e-01,5.376859009265899658e-02,-2.204228937625885010e-01
-1.283694207668304443e-01,4.558676481246948242e-02,-2.204470634460449219e-01
-1.336449682712554932e-01,4.165992140769958496e-02,-2.217040061950683594e-01
-1.377833634614944458e-01,3.466869890689849854e-02,-2.414120286703109741e-01
-1.454664766788482666e-01,1.691758632659912109e-02,-2.428304851055145264e-01
-1.475230753421783447e-01,-9.219795465469360352e-04,-2.186275422573089600e-01
-8.779437839984893799e-02,1.815441697835922241e-01,-8.610957264900207520e-01
-4.124392569065093994e-02,2.542534768581390381e-01,-8.546954989433288574e-01
-1.323916763067245483e-02,3.163610398769378662e-01,-8.630887866020202637e-01
2.194808423519134521e-02,8.746576309204101562e-02,-2.978589832782745361e-01
8.403538167476654053e-02,8.906082808971405029e-02,-2.897789478302001953e-01
1.181386485695838928e-01,9.312349557876586914e-02,-3.018971085548400879e-01
1.846584975719451904e-01,9.017162024974822998e-02,-2.814373970031738281e-01
2.469721436500549316e-02,1.540838032960891724e-01,6.630574166774749756e-02
-2.466617524623870850e-02,1.404544115066528320e-01,6.947943568229675293e-02
-1.014563590288162231e-01,1.503265202045440674e-01,1.275311261415481567e-01
-1.865655779838562012e-01,1.150864064693450928e-01,8.776746690273284912e-02
5.555525422096252441e-05,1.617353260517120361e-01,-1.389958411455154419e-01
3.249897807836532593e-02,1.166460514068603516e-01,-1.426411122083663940e-01
7.005465775728225708e-02,6.378069519996643066e-02,-1.621249467134475708e-01
9.150601923465728760e-02,2.429057657718658447e-02,-1.343804150819778442e-01
1.285606771707534790e-01,-5.614659190177917480e-02,-1.093257069587707520e-01
-1.537474989891052246e-01,1.204376667737960815e-01,2.463878318667411804e-02
-5.764075368642807007e-02,1.366987526416778564e-01,7.183019071817398071e-03
-8.408874273300170898e-04,1.118707358837127686e-01,-1.457680016756057739e-02
5.200736969709396362e-02,1.265733093023300171e-01,-1.751417294144630432e-02
1.158404350280761719e-01,1.010033488273620605e-01,-6.492938846349716187e-03
-2.172002196311950684e-02,2.628728747367858887e-01,-7.617227435111999512e-01
2.595233172178268433e-02,3.028649091720581055e-01,-7.382071614265441895e-01
-8.132950961589813232e-02,3.164887428283691406e-02,-3.306798264384269714e-02
-3.383150696754455566e-02,9.459725022315979004e-02,-7.531683146953582764e-02
1.364715397357940674e-03,1.656363606452941895e-01,-6.219517812132835388e-02
3.749272972345352173e-02,2.435353398323059082e-01,-4.366745054721832275e-02
9.085182845592498779e-02,3.166502714157104492e-01,-3.838536515831947327e-02
-6.689336150884628296e-02,2.146203219890594482e-01,-6.560368537902832031e-01
-5.282428860664367676e-02,1.824225187301635742e-01,-6.548320651054382324e-01
-4.507360607385635376e-02,1.646545231342315674e-01,-6.399654746055603027e-01
-3.455905616283416748e-02,1.437962651252746582e-01,-6.425957679748535156e-01
-2.974931895732879639e-02,1.206412315368652344e-01,-6.485143303871154785e-01
-1.548217609524726868e-02,1.106159090995788574e-01,-6.391111612319946289e-01
-9.840689599514007568e-03,9.113384783267974854e-02,-6.309240460395812988e-01
-3.622200340032577515e-03,7.007586210966110229e-02,-6.269403100013732910e-01
7.061421871185302734e-03,4.652392864227294922e-02,-5.885526537895202637e-01
1.003839820623397827e-02,1.726549863815307617e-02,-6.050616502761840820e-01
2.178017050027847290e-02,7.547244429588317871e-03,-5.909767746925354004e-01
3.082564473152160645e-02,-8.622884750366210938e-03,-5.877581834793090820e-01
4.324869439005851746e-02,-3.181089460849761963e-02,-5.652771592140197754e-01
5.413541570305824280e-02,-5.368958413600921631e-02,-5.606297850608825684e-01
6.030254438519477844e-02,-6.792955100536346436e-02,-5.518535971641540527e-01
2.974893897771835327e-03,2.375466525554656982e-01,1.325349882245063782e-02
9.805336594581604004e-05,2.126847803592681885e-01,-9.169057011604309082e-05
5.458705127239227295e-04,2.023562490940093994e-01,-1.703812554478645325e-02
-5.327656865119934082e-03,1.908265799283981323e-01,-2.391971647739410400e-03
-7.038123905658721924e-03,1.754517853260040283e-01,-1.537913084030151367e-02
-2.109818905591964722e-02,1.646744459867477417e-01,-6.269119679927825928e-03
-2.661524713039398193e-02,1.501813232898712158e-01,5.699969828128814697e-03
-3.307735174894332886e-02,1.335986256599426270e-01,1.146080344915390015e-02
-3.277651965618133545e-02,1.280093342065811157e-01,1.252032443881034851e-02
-3.907020390033721924e-02,1.144840121269226074e-01,6.963767111301422119e-03
-4.778256267309188843e-02,1.099278628826141357e-01,1.383797451853752136e-02
-5.651150643825531006e-02,1.054925620555877686e-01,3.372829034924507141e-02
-6.411864608526229858e-02,9.516276419162750244e-02,2.846856787800788879e-02
-7.735230028629302979e-02,8.293597400188446045e-02,3.732697293162345886e-02
-6.857877224683761597e-02,7.633019983768463135e-02,2.777608111500740051e-02
-7.294949889183044434e-02,6.754111498594284058e-02,3.735496476292610168e-02
-9.096699953079223633e-02,5.657806247472763062e-02,4.726793989539146423e-02
-9.558506309986114502e-02,5.853350460529327393e-02,5.432297661900520325e-02
-9.386965632438659668e-02,4.685289412736892700e-02,6.283465027809143066e-02
-1.139374226331710815e-01,3.249636292457580566e-02,7.781697809696197510e-02
-1.201026439666748047e-01,2.334605157375335693e-02,7.965128123760223389e-02
-1.184830814599990845e-01,1.596264541149139404e-02,9.109272062778472900e-02
-1.293395608663558960e-01,8.975550532341003418e-03,7.386855781078338623e-02
-1.283841133117675781e-01,-1.516105234622955322e-02,7.996630668640136719e-02
-1.394626796245574951e-01,-1.762773096561431885e-02,8.116120100021362305e-02
-1.441729664802551270e-01,-2.097029983997344971e-02,9.456871449947357178e-02
2.367404103279113770e-02,2.083118557929992676e-01,-1.090133041143417358e-01
5.840525776147842407e-02,1.787990480661392212e-01,-1.345727592706680298e-01
9.182576835155487061e-02,1.269417107105255127e-01,-1.118961423635482788e-01
1.400780081748962402e-01,9.998869895935058594e-02,-1.381434500217437744e-01
1.670873463153839111e-01,6.612949073314666748e-02,-1.475576013326644897e-01
-9.581848978996276855e-02,2.953600883483886719e-02,1.599796563386917114e-01
-1.994352787733078003e-03,3.667137771844863892e-02,1.085104942321777344e-01
6.236372143030166626e-02,3.101251274347305298e-02,1.328766196966171265e-01
1.126575767993927002e-01,2.376432716846466064e-02,1.343495100736618042e-01
1.830310076475143433e-01,3.239127993583679199e-02,1.198792904615402222e-01
4.088569805026054382e-02,1.118456572294235229e-02,5.667105689644813538e-02
2.623059228062629700e-02,4.607418179512023926e-02,2.093843370676040649e-02
1.599548012018203735e-02,6.121882796287536621e-02,1.942370831966400146e-02
-1.717793196439743042e-02,8.752262592315673828e-02,2.439748123288154602e-02
-4.341806471347808838e-02,9.983663260936737061e-02,7.847660779953002930e-02
-5.161400139331817627e-02,1.208065748214721680e-01,6.246213242411613464e-02
-8.587387204170227051e-02,1.554436683654785156e-01,1.002056747674942017e-01
-1.133755594491958618e-01,1.700851321220397949e-01,1.176199018955230713e-01
-1.396845579147338867e-01,1.976090967655181885e-01,1.085372120141983032e-01
-1.560099422931671143e-01,2.119763791561126709e-01,1.200957149267196655e-01
1.193682476878166199e-01,1.431225240230560303e-02,-6.777955889701843262e-01
9.713799506425857544e-02,1.906082034111022949e-03,-6.603768467903137207e-01
7.968547195196151733e-02,-1.536244153976440430e-02,-6.511300802230834961e-01
5.617495626211166382e-02,-4.132333397865295410e-02,-6.322228312492370605e-01
4.764516651630401611e-02,-5.674462020397186279e-02,-6.222001910209655762e-01
-2.561475336551666260e-02,-7.702875137329101562e-02,-6.098454594612121582e-01
-5.410212278366088867e-02,-3.483875095844268799e-02,-7.557945847511291504e-01
-1.172726154327392578e-01,-6.280913949012756348e-03,-7.253177165985107422e-01
-1.715177595615386963e-01,2.891376614570617676e-03,-7.327887415885925293e-01
1.046005636453628540e-02,2.764115929603576660e-01,-7.778706550598144531e-01
5.558810010552406311e-02,2.838943302631378174e-01,-8.117192387580871582e-01
-3.957740962505340576e-02,-6.184220314025878906e-03,-4.500128924846649170e-01
1.904706843197345734e-02,-8.514523506164550781e-05,-4.553088247776031494e-01
6.150193139910697937e-02,-1.383188366889953613e-02,-4.811569154262542725e-01
9.518955647945404053e-02,-7.777512073516845703e-03,-4.420712292194366455e-01
1.353237032890319824e-01,-9.316772222518920898e-03,-4.433501064777374268e-01
1.747407913208007812e-01,3.527507185935974121e-03,-4.439474642276763916e-01
1.192355602979660034e-01,2.089077532291412354e-01,1.468678265810012817e-01
6.414054334163665771e-02,2.659588158130645752e-01,1.294515281915664673e-01
6.936178356409072876e-02,2.422690093517303467e-01,1.425691395998001099e-01
1.059521809220314026e-01,2.663186937570571899e-02,-1.188253462314605713e-01
8.649875223636627197e-02,2.543377131223678589e-02,-1.193410903215408325e-01
7.532669603824615479e-02,2.209128439426422119e-02,-1.307606250047683716e-01
4.208715632557868958e-02,1.352754235267639160e-02,-1.259582787752151489e-01
7.206361740827560425e-03,3.192991018295288086e-02,-1.225757300853729248e-01
-1.498465985059738159e-02,2.402842044830322266e-02,-1.261208802461624146e-01
-1.061724126338958740e-02,3.154942393302917480e-02,-1.290941983461380005e-01
8.676975965499877930e-03,4.224321246147155762e-02,-1.308722347021102905e-01
4.165623709559440613e-02,5.333238840103149414e-02,-1.441788375377655029e-01
6.833648681640625000e-02,7.127752900123596191e-02,-1.482407450675964355e-01
9.460000693798065186e-02,7.165731489658355713e-02,-1.320992857217788696e-01
1.151601821184158325e-01,7.256888598203659058e-02,-1.457911878824234009e-01
1.454845964908599854e-01,1.005367934703826904e-01,-1.417181044816970825e-01
1.550897955894470215e-01,9.870557487010955811e-02,-1.428722739219665527e-01
1.499189250171184540e-02,-8.640363812446594238e-03,-3.385946452617645264e-01
-4.145669937133789062e-02,4.605968296527862549e-02,-3.217078745365142822e-01
-9.062689542770385742e-02,9.644480049610137939e-02,-3.022287786006927490e-01
-1.196223646402359009e-01,1.432948112487792969e-01,-3.383850455284118652e-01
-1.656572371721267700e-01,1.933668702840805054e-01,-2.655604779720306396e-01
-6.799256801605224609e-02,-5.486787855625152588e-02,-4.638464450836181641e-01
-6.663749366998672485e-02,-4.746916890144348145e-02,-4.732815325260162354e-01
-6.278192996978759766e-02,-4.535943269729614258e-02,-4.791469573974609375e-01
-5.253830552101135254e-02,-3.081485629081726074e-02,-4.766026437282562256e-01
-4.360704869031906128e-02,-2.743513882160186768e-02,-4.825373291969299316e-01
2.328746020793914795e-03,3.160205483436584473e-02,-4.896703064441680908e-01
3.432410582900047302e-02,8.443731069564819336e-02,-4.557713568210601807e-01
6.486240029335021973e-02,1.392399370670318604e-01,-4.743542671203613281e-01
9.154374897480010986e-02,1.870917379856109619e-01,-4.589039981365203857e-01
1.141901463270187378e-01,2.403561174869537354e-01,-4.610028564929962158e-01
-4.142300039529800415e-02,9.372617304325103760e-02,1.137162148952484131e-01
-5.400106310844421387e-02,9.678411483764648438e-02,1.201753467321395874e-01
-5.400106310844421387e-02,9.678411483764648438e-02,1.201753467321395874e-01
-6.086850166320800781e-02,8.833578228950500488e-02,1.069208085536956787e-01
-6.871476769447326660e-02,8.368203043937683105e-02,1.181239932775497437e-01
-8.039032667875289917e-02,9.774918854236602783e-02,1.291827261447906494e-01
-9.568437933921813965e-02,1.100876927375793457e-01,1.096695512533187866e-01
-1.078464537858963013e-01,1.080783009529113770e-01,1.288366168737411499e-01
-1.291263103485107422e-01,1.085983216762542725e-01,1.248876601457595825e-01
-1.291263103485107422e-01,1.085983216762542725e-01,1.248876601457595825e-01
-1.452783495187759399e-01,1.141487210988998413e-01,1.335680484771728516e-01
-1.515604406595230103e-01,1.111259907484054565e-01,1.274194270372390747e-01
-1.654700785875320435e-01,1.048372238874435425e-01,1.142453998327255249e-01
1.046043932437896729e-01,-1.826146245002746582e-02,-2.683890610933303833e-02
1.278225332498550415e-01,-7.355572283267974854e-02,-7.735274732112884521e-02
-1.353995501995086670e-01,5.933687090873718262e-02,4.005818441510200500e-02
-9.096699953079223633e-02,5.657806247472763062e-02,4.726793989539146423e-02
-4.341544210910797119e-02,4.736845195293426514e-02,2.147494629025459290e-02
-1.176377385854721069e-02,2.489478886127471924e-02,2.806049212813377380e-02
2.485381811857223511e-02,3.387255966663360596e-02,3.801181912422180176e-03
5.193851515650749207e-02,2.372111380100250244e-02,2.274021133780479431e-02
5.019231140613555908e-02,1.886879652738571167e-02,3.171688690781593323e-02
4.255665093660354614e-02,1.959919929504394531e-02,4.153096303343772888e-02
3.181835263967514038e-02,6.369970738887786865e-03,4.012100026011466980e-02
2.863552793860435486e-02,4.327148199081420898e-03,4.800761118531227112e-02
1.735625043511390686e-02,5.923718214035034180e-03,4.018739238381385803e-02
1.459728926420211792e-03,1.178425550460815430e-02,2.793407067656517029e-02
-3.513805568218231201e-03,1.528934389352798462e-02,3.959828987717628479e-02
-1.197984069585800171e-02,1.997929811477661133e-02,4.900002852082252502e-02
-2.738089859485626221e-02,1.418209075927734375e-02,5.525344982743263245e-02
-4.477334767580032349e-02,1.192837953567504883e-02,7.559421658515930176e-02
-5.792166292667388916e-02,3.838792443275451660e-03,7.721014320850372314e-02
-6.295102834701538086e-02,3.059148788452148438e-03,6.748518347740173340e-02
-7.511700689792633057e-02,-3.468960523605346680e-03,8.623218536376953125e-02
-8.307918906211853027e-02,-2.490624785423278809e-03,9.877093136310577393e-02
-1.040444076061248779e-01,-7.224351167678833008e-03,1.028384417295455933e-01
-1.210664212703704834e-01,-1.929700374603271484e-05,1.038322150707244873e-01
-1.226833015680313110e-01,5.563110113143920898e-03,1.200570315122604370e-01
-1.448312699794769287e-01,3.691926598548889160e-03,1.160005480051040649e-01
-1.115203797817230225e-01,-1.216377317905426025e-02,1.444710046052932739e-02
-9.909155964851379395e-02,-6.506100296974182129e-03,2.118809893727302551e-02
-9.143093228340148926e-02,-3.142461180686950684e-03,6.636764854192733765e-03
-8.599302172660827637e-02,-2.843722701072692871e-03,3.878451883792877197e-03
-7.189557701349258423e-02,5.543470382690429688e-03,1.923163607716560364e-02
-1.011252403259277344e-02,-4.567816853523254395e-03,-1.601408421993255615e-02
4.597731307148933411e-02,-3.255411982536315918e-03,1.155145466327667236e-03
1.077283620834350586e-01,-1.825380325317382812e-02,1.792133972048759460e-02
1.770641505718231201e-01,-5.435779690742492676e-03,-1.462340727448463440e-02
-2.191498875617980957e-02,-7.036855816841125488e-02,-6.361731290817260742e-01
-1.967616379261016846e-02,-6.651376187801361084e-02,-6.374263167381286621e-01
-2.115049213171005249e-02,-6.089594960212707520e-02,-6.320340037345886230e-01
-1.946192979812622070e-02,-3.636947274208068848e-02,-6.450954079627990723e-01
-1.713693886995315552e-02,-3.337809443473815918e-02,-6.434364914894104004e-01
-1.761832088232040405e-02,-2.281078696250915527e-02,-6.370345950126647949e-01
-1.865325868129730225e-02,-9.185358881950378418e-03,-6.401140093803405762e-01
-2.008266746997833252e-02,-1.184344291687011719e-04,-6.319168210029602051e-01
-2.346218377351760864e-02,5.084261298179626465e-03,-6.422618031501770020e-01
-2.346218377351760864e-02,5.084261298179626465e-03,-6.422618031501770020e-01
1.960987038910388947e-02,2.633412182331085205e-02,-6.479486227035522461e-01
6.452134996652603149e-02,6.287444382905960083e-02,-6.430839896202087402e-01
1.026924550533294678e-01,1.015640497207641602e-01,-6.264474391937255859e-01
1.577370166778564453e-01,1.330808848142623901e-01,-6.362023949623107910e-01
1.916700601577758789e-01,1.534380167722702026e-01,-6.401551961898803711e-01
1.201155334711074829e-01,1.779809892177581787e-01,7.974135875701904297e-02
1.023351401090621948e-01,2.172731459140777588e-01,6.565956771373748779e-02
7.329624891281127930e-02,2.505300641059875488e-01,9.370513260364532471e-02
3.505398333072662354e-02,2.856753170490264893e-01,6.693722307682037354e-02
1.232446283102035522e-01,1.568790823221206665e-01,-6.800349056720733643e-02
1.157121360301971436e-01,1.603918373584747314e-01,-8.304160833358764648e-02
4.073996841907501221e-02,1.955511122941970825e-01,-7.167668640613555908e-02
-3.134988248348236084e-03,2.137620151042938232e-01,-4.313003644347190857e-02
-1.273412257432937622e-02,2.196217477321624756e-01,-4.489840939640998840e-02
-8.401188254356384277e-02,2.455970346927642822e-01,-2.243088185787200928e-02
-1.592543423175811768e-01,2.616749703884124756e-01,-2.018162235617637634e-02
1.951427012681961060e-02,2.466878294944763184e-01,1.595992594957351685e-01
-7.520750910043716431e-02,2.436697185039520264e-01,1.609257012605667114e-01
-1.183583587408065796e-01,3.500482439994812012e-02,1.355438530445098877e-01
-1.150079667568206787e-01,7.681323587894439697e-02,1.084652394056320190e-01
-1.205914020538330078e-01,7.317128777503967285e-02,1.166575551033020020e-01
-9.975992143154144287e-02,1.276711374521255493e-01,1.158631592988967896e-01
-8.895005285739898682e-02,2.244896888732910156e-01,1.520717442035675049e-01
-8.895005285739898682e-02,2.244896888732910156e-01,1.520717442035675049e-01
-9.976854920387268066e-02,2.648804783821105957e-01,1.461311429738998413e-01
-1.019193232059478760e-02,1.797950565814971924e-01,1.464008837938308716e-01
2.956856042146682739e-02,1.574166566133499146e-01,1.337739378213882446e-01
7.224757969379425049e-02,1.205764859914779663e-01,9.961961209774017334e-02
1.011798232793807983e-01,6.980735063552856445e-02,1.138044297695159912e-01
1.311054825782775879e-01,1.861318945884704590e-02,1.395479589700698853e-01
1.695700585842132568e-01,-1.915830373764038086e-02,1.307822316884994507e-01
3.267712146043777466e-02,2.180608212947845459e-01,-3.851877748966217041e-01
6.014325097203254700e-02,1.686686575412750244e-01,-3.776688277721405029e-01
9.095640480518341064e-02,1.385354101657867432e-01,-3.822009265422821045e-01
1.226468533277511597e-01,7.542142271995544434e-02,-3.800148367881774902e-01
1.547334939241409302e-01,3.350469470024108887e-02,-3.512662947177886963e-01
1.748243123292922974e-01,-2.143730223178863525e-02,-3.538521826267242432e-01
2.961244434118270874e-02,1.167367696762084961e-01,-1.918235719203948975e-01
-4.985518753528594971e-03,5.287716537714004517e-02,-1.962430030107498169e-01
-3.269349783658981323e-02,-7.239818572998046875e-03,-2.166860252618789673e-01
-5.270937830209732056e-02,-6.467899680137634277e-02,-2.234898209571838379e-01
-8.467897772789001465e-02,-1.053534895181655884e-01,-2.328086793422698975e-01
6.865061819553375244e-02,-7.451543211936950684e-02,-1.829401776194572449e-02
5.219327285885810852e-02,-1.628428697586059570e-02,-7.079176604747772217e-03
4.618088901042938232e-02,2.409078180789947510e-02,-1.641285791993141174e-02
4.295340552926063538e-02,6.182722002267837524e-02,-3.204135969281196594e-02
2.185582742094993591e-02,1.085899919271469116e-01,-1.774121075868606567e-02
2.965877205133438110e-02,1.541363000869750977e-01,-2.183151245117187500e-02
8.580289781093597412e-03,2.068603634834289551e-01,1.088645309209823608e-03
8.247792720794677734e-05,2.510708868503570557e-01,3.891080617904663086e-03
-5.920928716659545898e-02,1.367403566837310791e-01,4.791993275284767151e-02
-1.138615608215332031e-02,1.332979798316955566e-01,2.718478068709373474e-02
4.404684901237487793e-02,1.450400501489639282e-01,1.497606188058853149e-02
8.968158811330795288e-02,1.684967726469039917e-01,6.001811102032661438e-02
1.441691815853118896e-01,1.678222864866256714e-01,4.245871677994728088e-02
4.288721084594726562e-02,-5.370657145977020264e-02,8.663995563983917236e-02
3.129169344902038574e-02,-4.035651683807373047e-02,8.760784566402435303e-02
3.113737702369689941e-02,-2.958516776561737061e-02,8.309252560138702393e-02
2.004548162221908569e-02,-5.809411406517028809e-03,6.749120354652404785e-02
1.661594212055206299e-02,1.131314039230346680e-02,8.352306485176086426e-02
1.201348006725311279e-02,3.034375607967376709e-02,8.562582731246948242e-02
1.618865877389907837e-03,3.495138883590698242e-02,7.935887575149536133e-02
-2.691522240638732910e-05,4.592229425907135010e-02,7.323233783245086670e-02
-6.345972418785095215e-03,6.655470281839370728e-02,7.485397160053253174e-02
-6.880901753902435303e-03,8.608630299568176270e-02,4.184824600815773010e-02
-2.082543075084686279e-02,1.112085580825805664e-01,8.370414376258850098e-02
-2.137918770313262939e-02,1.161537021398544312e-01,7.614292204380035400e-02
-2.265773713588714600e-02,1.366139203310012817e-01,8.150291442871093750e-02
-2.133072912693023682e-02,1.520095169544219971e-01,8.718571066856384277e-02
-3.758282959461212158e-02,1.691837310791015625e-01,1.059608906507492065e-01
-4.275418072938919067e-02,1.812687665224075317e-01,9.573704004287719727e-02
-5.669193714857101440e-02,1.957892477512359619e-01,1.281382888555526733e-01
-2.119132876396179199e-02,2.709465622901916504e-01,8.753494918346405029e-02
7.261633872985839844e-03,3.254328966140747070e-01,8.385564386844635010e-02
-4.084180295467376709e-02,-1.916790008544921875e-02,-1.334322243928909302e-01
-8.212540298700332642e-03,1.174934208393096924e-02,-1.268390417098999023e-01
2.472564950585365295e-02,1.643510162830352783e-02,-1.168673038482666016e-01
6.361553817987442017e-02,4.082903265953063965e-02,-1.283145248889923096e-01
9.257709234952926636e-02,5.392856895923614502e-02,-1.352860033512115479e-01
1.199127733707427979e-01,6.477235257625579834e-02,-1.239986866712570190e-01
1.550897955894470215e-01,9.870557487010955811e-02,-1.428722739219665527e-01
1.796439588069915771e-01,1.045274883508682251e-01,-1.384552866220474243e-01
1.174764633178710938e-01,-2.139970660209655762e-02,-8.691761642694473267e-03
1.028320491313934326e-01,-1.027540862560272217e-02,-1.326481997966766357e-02
7.783867418766021729e-02,1.175284385681152344e-03,-2.132502570748329163e-02
6.098318845033645630e-02,1.353544741868972778e-02,-2.227687835693359375e-02
4.456981271505355835e-02,3.064686059951782227e-02,-2.848438546061515808e-02
2.830675989389419556e-02,3.908891230821609497e-02,-1.859012991189956665e-02
2.830675989389419556e-02,3.908891230821609497e-02,-1.859012991189956665e-02
-1.264892518520355225e-03,4.695507884025573730e-02,-5.318742617964744568e-02
-1.083344966173171997e-02,6.375120580196380615e-02,-4.379801824688911438e-02
-1.884582638740539551e-02,6.385019421577453613e-02,-4.254629835486412048e-02
-2.607671171426773071e-02,6.810778379440307617e-02,-1.990468055009841919e-02
-1.030257642269134521e-01,7.832579314708709717e-02,-5.329325795173645020e-03
-1.932968199253082275e-01,7.482472062110900879e-02,-1.577537134289741516e-02
1.119578555226325989e-01,1.819356530904769897e-01,6.813426315784454346e-02
6.500786542892456055e-02,1.860388964414596558e-01,5.043547227978706360e-02
1.486711949110031128e-02,1.754240542650222778e-01,3.797012194991111755e-02
-2.899144589900970459e-02,1.858196109533309937e-01,6.378489732742309570e-02
-9.114393591880798340e-02,1.681717187166213989e-01,1.001664102077484131e-01
-1.406137347221374512e-01,1.741447597742080688e-01,9.037132561206817627e-02
-7.343603670597076416e-02,7.008869946002960205e-02,-5.844318866729736328e-02
-2.635696530342102051e-02,1.081849634647369385e-01,-6.566496193408966064e-02
1.834386959671974182e-02,1.525388658046722412e-01,-8.440156280994415283e-02
4.383609443902969360e-02,1.941704452037811279e-01,-6.308652460575103760e-02
9.489907324314117432e-02,2.253917753696441650e-01,-1.344456896185874939e-02
1.351442635059356689e-01,2.687499821186065674e-01,-4.600990936160087585e-02
6.050107255578041077e-02,1.872023642063140869e-01,-5.173107385635375977e-01
4.245385527610778809e-03,2.014838010072708130e-01,-5.290671586990356445e-01
-6.196840107440948486e-02,2.238902151584625244e-01,-5.010502934455871582e-01
-1.187552511692047119e-01,2.446484267711639404e-01,-4.987382590770721436e-01
-1.035980880260467529e-01,1.098549962043762207e-01,3.391530364751815796e-03
-5.694401264190673828e-02,9.045737981796264648e-02,4.564754664897918701e-03
-2.296844124794006348e-02,7.672660052776336670e-02,-6.367318332195281982e-03
1.367143541574478149e-02,6.328978389501571655e-02,7.979024201631546021e-03
3.672517463564872742e-02,3.526455163955688477e-02,7.111862301826477051e-03
7.347346842288970947e-02,1.040538400411605835e-02,3.965491428971290588e-02
1.089098602533340454e-01,-3.353549540042877197e-02,5.077970400452613831e-02
1.405728012323379517e-01,-6.256453692913055420e-02,4.648910835385322571e-02
1.399968564510345459e-02,2.649289965629577637e-01,1.292491331696510315e-02
5.507712066173553467e-02,2.355023324489593506e-01,2.167551591992378235e-02
9.728051722049713135e-02,2.068961560726165771e-01,3.472058847546577454e-02
1.386913359165191650e-01,1.742875874042510986e-01,3.324696794152259827e-02
5.719526112079620361e-02,2.324190437793731689e-01,-5.072788000106811523e-01
1.118070334196090698e-01,2.166736125946044922e-01,-5.349469184875488281e-01
2.011103928089141846e-02,2.047509849071502686e-01,1.289023086428642273e-02
6.501114368438720703e-02,1.686722040176391602e-01,2.459466084837913513e-02
1.095508933067321777e-01,1.235641092061996460e-01,9.264826774597167969e-03
1.451129317283630371e-01,8.842423558235168457e-02,7.306624203920364380e-03
1.788723766803741455e-01,4.844325035810470581e-02,-1.155000180006027222e-03
1.092551797628402710e-01,1.651278436183929443e-01,4.665135964751243591e-02
6.943773478269577026e-02,2.027240991592407227e-01,6.246570125222206116e-02
2.672047540545463562e-02,2.510920166969299316e-01,5.137689784169197083e-02
-1.300022006034851074e-03,2.996734976768493652e-01,2.923459187150001526e-02
1.229570806026458740e-02,-6.179025769233703613e-02,-1.927202463150024414e+00
-7.283363491296768188e-03,5.291312932968139648e-03,-1.899026870727539062e+00
-3.038956224918365479e-02,7.152733206748962402e-02,-1.884580969810485840e+00
-6.023395061492919922e-02,1.387942135334014893e-01,-1.844079494476318359e+00
-8.306637406349182129e-02,2.042542695999145508e-01,-1.813368320465087891e+00
-1.126039773225784302e-01,2.538431584835052490e-01,-1.789691805839538574e+00
-1.318018734455108643e-01,3.192341029644012451e-01,-1.790725231170654297e+00
-4.485050588846206665e-02,2.248033583164215088e-01,-1.096411198377609253e-01
-4.545029997825622559e-02,1.722303330898284912e-01,-1.175552457571029663e-01
-5.270053446292877197e-02,9.549528360366821289e-02,-1.344520449638366699e-01
-4.883328825235366821e-02,1.039516031742095947e-01,-1.120899170637130737e-01
-4.708187282085418701e-02,1.001056432723999023e-01,-1.208691895008087158e-01
-4.017518460750579834e-02,9.809359908103942871e-02,-1.192969083786010742e-01
-3.366295993328094482e-02,9.941607713699340820e-02,-1.207091063261032104e-01
-3.482128679752349854e-02,9.708592295646667480e-02,-1.269429624080657959e-01
-3.097671270370483398e-02,8.607821166515350342e-02,-1.255259513854980469e-01
-2.538000047206878662e-02,8.993013203144073486e-02,-1.261697709560394287e-01
-2.538000047206878662e-02,8.993013203144073486e-02,-1.261697709560394287e-01
-2.072814106941223145e-02,8.718866109848022461e-02,-1.159010529518127441e-01
-1.033611595630645752e-02,8.567078411579132080e-02,-1.251439899206161499e-01
-5.482938140630722046e-03,7.440854609012603760e-02,-1.126522719860076904e-01
9.602196514606475830e-04,7.067849487066268921e-02,-1.230483055114746094e-01
9.602196514606475830e-04,7.067849487066268921e-02,-1.230483055114746094e-01
3.762803971767425537e-03,6.504724919795989990e-02,-1.271928846836090088e-01
4.930485039949417114e-03,6.108601391315460205e-02,-1.325734853744506836e-01
5.927845835685729980e-03,5.673139542341232300e-02,-1.263939887285232544e-01
1.342500001192092896e-02,5.687838047742843628e-02,-1.278548389673233032e-01
1.342500001192092896e-02,5.687838047742843628e-02,-1.278548389673233032e-01
1.356322318315505981e-02,5.020621418952941895e-02,-1.303893029689788818e-01
1.585123687982559204e-02,4.962790012359619141e-02,-1.338556557893753052e-01
1.917901635169982910e-02,4.769304394721984863e-02,-1.268023550510406494e-01
2.605133503675460815e-02,4.597256332635879517e-02,-1.267675310373306274e-01
2.605133503675460815e-02,4.597256332635879517e-02,-1.267675310373306274e-01
3.809395805001258850e-02,4.072692245244979858e-02,-1.217561513185501099e-01
4.581433534622192383e-02,3.234720230102539062e-02,-1.165395826101303101e-01
4.823879152536392212e-02,2.627563476562500000e-02,-1.230272501707077026e-01
4.823879152536392212e-02,2.627563476562500000e-02,-1.230272501707077026e-01
4.290054738521575928e-02,1.484827697277069092e-02,-1.274738907814025879e-01
5.240618437528610229e-02,1.552154123783111572e-02,-1.276047527790069580e-01
5.624678730964660645e-02,1.460768282413482666e-02,-1.219315677881240845e-01
6.351709365844726562e-02,1.832853257656097412e-02,-1.022799462080001831e-01
7.248260080814361572e-02,1.824508607387542725e-02,-1.247113347053527832e-01
7.610572874546051025e-02,1.600290834903717041e-02,-1.329120993614196777e-01
7.699275016784667969e-02,1.051865518093109131e-02,-1.161218434572219849e-01
7.593181729316711426e-02,4.869356751441955566e-03,-1.040529906749725342e-01
7.380968332290649414e-02,-3.062099218368530273e-03,-9.401199221611022949e-02
7.469444721937179565e-02,-9.785518050193786621e-03,-1.033896803855895996e-01
8.327043056488037109e-02,-1.411750912666320801e-02,-8.074522018432617188e-02
8.901289105415344238e-02,-1.885104179382324219e-02,-1.022307574748992920e-01
6.580148637294769287e-02,-7.095360755920410156e-02,-1.393781155347824097e-01
1.337005496025085449e-01,1.517631113529205322e-02,-2.760535180568695068e-01
1.870262175798416138e-01,4.547340422868728638e-02,-2.557044327259063721e-01
2.586804926395416260e-01,6.380607187747955322e-02,-2.197255641222000122e-01
-7.179960608482360840e-02,-3.471568226814270020e-03,-8.498531579971313477e-01
-3.238327801227569580e-02,2.808164060115814209e-02,-8.650469779968261719e-01
9.213984012603759766e-04,4.629312455654144287e-02,-8.347262740135192871e-01
3.844268992543220520e-02,6.562365591526031494e-02,-8.352826833724975586e-01
6.450624763965606689e-02,3.831915557384490967e-02,-8.330739736557006836e-01
9.574051946401596069e-02,-5.967691540718078613e-03,-8.189591169357299805e-01
1.217522919178009033e-01,-3.800359368324279785e-02,-8.265652060508728027e-01
2.206949889659881592e-02,2.408239543437957764e-01,9.548249840736389160e-02
5.461042374372482300e-02,2.108443081378936768e-01,1.105351895093917847e-01
9.798842668533325195e-02,1.761131435632705688e-01,1.253706067800521851e-01
1.336508989334106445e-01,1.442260444164276123e-01,1.132781207561492920e-01
1.574196815490722656e-01,1.150169223546981812e-01,1.223317235708236694e-01
9.954087436199188232e-02,2.912293374538421631e-02,1.397200673818588257e-01
9.597861766815185547e-02,2.677552402019500732e-02,1.365474611520767212e-01
5.179186165332794189e-02,6.253886967897415161e-02,1.095015257596969604e-01
1.709592342376708984e-02,9.260272979736328125e-02,1.612226814031600952e-01
-4.270946234464645386e-02,1.231805980205535889e-01,1.492186039686203003e-01
-7.531021535396575928e-02,1.497132927179336548e-01,1.474391072988510132e-01
-1.016651391983032227e-01,1.754565834999084473e-01,1.754114925861358643e-01
