-6.235777735710144043e-01,7.826066017150878906e-01,6.284922361373901367e-02,-6.129770725965499878e-02,2.188601531088352203e-03,6.813403218984603882e-03,-9.283343330025672913e-03
-1.280789613723754883e+00,-1.927211046218872070e+00,-2.835404574871063232e-01,-7.745114564895629883e-01,-1.436604000627994537e-02,-2.901409054175019264e-03,-1.982162706553936005e-03
2.242242842912673950e-01,7.924024760723114014e-02,4.524157047271728516e-01,-3.150415122509002686e-01,-2.855517901480197906e-03,3.995318897068500519e-03,-4.194034263491630554e-03
2.352058738470077515e-01,7.762239873409271240e-02,4.517209231853485107e-01,-3.328318297863006592e-01,-2.975381910800933838e-03,4.044909961521625519e-03,-4.148002713918685913e-03
2.775292396545410156e-01,7.927905023097991943e-02,4.477810263633728027e-01,-4.159515202045440674e-01,-3.395779989659786224e-03,4.167125560343265533e-03,-3.899879753589630127e-03
2.840435802936553955e-01,6.870712339878082275e-02,4.404180943965911865e-01,-4.928329288959503174e-01,-3.521601669490337372e-03,3.955642692744731903e-03,-3.493172116577625275e-03
-7.573999166488647461e-01,1.544616580009460449e+00,-2.016521990299224854e-01,-1.039758995175361633e-01,-7.317186100408434868e-04,2.825773786753416061e-03,-1.361400634050369263e-02
-8.116450905799865723e-01,1.493615031242370605e+00,-2.331764698028564453e-01,-1.094741001725196838e-01,-1.582039869390428066e-03,2.967198844999074936e-03,-1.359922252595424652e-02
-8.699091672897338867e-01,1.458484530448913574e+00,-2.555828690528869629e-01,-1.469628810882568359e-01,-2.260403241962194443e-03,2.678752411156892776e-03,-1.349251903593540192e-02
-9.317052960395812988e-01,1.391777276992797852e+00,-3.659742474555969238e-01,-1.861720085144042969e-01,-3.655230859294533730e-03,2.434453461319208145e-03,-1.263365894556045532e-02
-1.196418523788452148e+00,-2.770301103591918945e-01,-2.390750050544738770e-01,-4.507782161235809326e-01,-9.000894613564014435e-03,2.718223258852958679e-03,-7.823912426829338074e-03
-1.236918807029724121e+00,-2.896121740341186523e-01,-2.769775688648223877e-01,-4.400012791156768799e-01,-9.391334839165210724e-03,2.418856136500835419e-03,-8.056764490902423859e-03
-1.329959154129028320e+00,-2.665333151817321777e-01,-2.640769481658935547e-01,-4.368353188037872314e-01,-1.020308397710323334e-02,1.541159581393003464e-03,-7.575655356049537659e-03
-1.406759023666381836e+00,-2.296196669340133667e-01,-3.030615746974945068e-01,-4.152373373508453369e-01,-1.073671597987413406e-02,9.612138383090496063e-04,-7.619366049766540527e-03
-2.506557852029800415e-02,1.213662326335906982e-02,4.579946398735046387e-01,-2.137829661369323730e-01,7.025593658909201622e-04,1.438757870346307755e-03,-3.398154862225055695e-03
-7.741338573396205902e-03,1.319386065006256104e-02,4.393658041954040527e-01,-2.139466702938079834e-01,2.765254175756126642e-04,1.993541140109300613e-03,-3.432814497500658035e-03
-1.742511510848999023e+00,2.025081217288970947e-02,3.899916708469390869e-01,-2.500157356262207031e-01,-1.112002134323120117e-02,-5.822170525789260864e-03,1.292442204430699348e-03
-1.844417333602905273e+00,-5.586430430412292480e-03,3.329311013221740723e-01,-2.301107048988342285e-01,-1.236433908343315125e-02,-7.317411713302135468e-03,2.051112707704305649e-03
-1.949226737022399902e+00,4.255667328834533691e-03,3.803549408912658691e-01,-2.397554516792297363e-01,-1.265568658709526062e-02,-8.033782243728637695e-03,3.721048124134540558e-03
-8.569980263710021973e-01,-1.997627615928649902e+00,-1.879219412803649902e-01,-7.495401501655578613e-01,-1.023588050156831741e-02,-3.301491960883140564e-04,-2.091348171234130859e-03
-8.524647355079650879e-01,-2.270639419555664062e+00,7.602490484714508057e-03,-7.261551618576049805e-01,-1.385234110057353973e-02,-6.375677883625030518e-03,7.841951213777065277e-03
-8.488218188285827637e-01,-2.249995470046997070e+00,-4.131598025560379028e-02,-7.310915589332580566e-01,-1.365325227379798889e-02,-5.676127038896083832e-03,6.678577046841382980e-03
4.200019836425781250e-01,4.520834982395172119e-02,6.589095294475555420e-02,3.729822933673858643e-01,-1.943438255693763494e-04,2.428584732115268707e-03,-5.415155552327632904e-03
4.261660873889923096e-01,6.053782999515533447e-02,7.667946815490722656e-02,3.952576816082000732e-01,-2.937206008937209845e-04,2.610592637211084366e-03,-5.591244436800479889e-03
4.079099595546722412e-01,6.652157008647918701e-02,9.545313566923141479e-02,4.869062006473541260e-01,3.732907644007354975e-04,2.980142366141080856e-03,-5.633839406073093414e-03
3.890337944030761719e-01,8.475729823112487793e-02,9.187868982553482056e-02,4.880791008472442627e-01,4.641701525542885065e-04,3.234659321606159210e-03,-5.553023889660835266e-03
3.962008655071258545e-01,8.483877778053283691e-02,9.507652372121810913e-02,4.894731044769287109e-01,4.211206978652626276e-04,3.192914649844169617e-03,-5.575197748839855194e-03
4.077997207641601562e-01,8.120940625667572021e-02,9.983759373426437378e-02,4.794437885284423828e-01,2.934345102403312922e-04,3.089668694883584976e-03,-5.631770007312297821e-03
4.310325384140014648e-01,7.085236907005310059e-02,1.022391989827156067e-01,4.743648171424865723e-01,8.964995504356920719e-05,2.842091955244541168e-03,-5.703795701265335083e-03
4.430479407310485840e-01,6.559187173843383789e-02,9.117590636014938354e-02,4.674781858921051025e-01,-6.148600368760526180e-05,2.629169262945652008e-03,-5.660817958414554596e-03
4.571557641029357910e-01,6.839755177497863770e-02,9.153839200735092163e-02,4.303967952728271484e-01,-3.687609860207885504e-04,2.505542710423469543e-03,-5.708759650588035583e-03
4.855619966983795166e-01,7.245098054409027100e-02,9.381067007780075073e-02,3.486008346080780029e-01,-1.023301971144974232e-03,2.251710742712020874e-03,-5.693616345524787903e-03
5.035160183906555176e-01,7.271265983581542969e-02,9.214728325605392456e-02,3.373273313045501709e-01,-1.209008623845875263e-03,2.095095347613096237e-03,-5.691382102668285370e-03
5.258529782295227051e-01,7.679235935211181641e-02,8.898689597845077515e-02,2.831352949142456055e-01,-1.590508152730762959e-03,1.811794005334377289e-03,-5.508509464561939240e-03
5.653799772262573242e-01,7.695414125919342041e-02,8.449746668338775635e-02,2.520696520805358887e-01,-1.921524410136044025e-03,1.431716140359640121e-03,-5.453446879982948303e-03
5.801114439964294434e-01,7.119199633598327637e-02,7.995729148387908936e-02,2.501755058765411377e-01,-1.980890519917011261e-03,1.266549341380596161e-03,-5.464924499392509460e-03
6.171242594718933105e-01,7.092763483524322510e-02,8.741898834705352783e-02,2.385284304618835449e-01,-2.314124256372451782e-03,1.007868442684412003e-03,-5.617038346827030182e-03
-2.498283833265304565e-01,4.430055022239685059e-01,3.501284122467041016e-01,-2.664512991905212402e-01,4.463045857846736908e-03,-1.325735822319984436e-03,-3.071581479161977768e-03
-2.584824860095977783e-01,4.678063988685607910e-01,3.153856992721557617e-01,-2.903288602828979492e-01,4.377474542707204819e-03,-1.335618086159229279e-03,-2.880757208913564682e-03
-9.743859171867370605e-01,-8.469469547271728516e-01,-1.540423035621643066e-01,-6.800407171249389648e-01,-8.522558957338333130e-03,7.158983498811721802e-03,-7.343402132391929626e-03
-1.564647912979125977e+00,1.916446238756179810e-01,-2.787686884403228760e-01,-3.353909552097320557e-01,-1.221366040408611298e-02,8.612917736172676086e-04,-5.166122689843177795e-03
-1.742141485214233398e+00,2.698659896850585938e-01,-7.906081527471542358e-02,-2.969484031200408936e-01,-1.318721845746040344e-02,-2.078113378956913948e-03,-1.691341400146484375e-03
-1.907487988471984863e+00,3.025016784667968750e-01,1.516482532024383545e-01,-2.560277283191680908e-01,-1.338893175125122070e-02,-4.678760189563035965e-03,1.970292301848530769e-03
-2.049454212188720703e+00,3.443180918693542480e-01,3.686435520648956299e-01,-2.860899269580841064e-01,-1.310452166944742203e-02,-6.876232568174600601e-03,5.301200784742832184e-03
1.656471192836761475e-02,1.039128750562667847e-01,3.803816139698028564e-01,-1.842185854911804199e-01,-3.302922414150089025e-04,3.318320959806442261e-03,-3.897014074027538300e-03
1.653725653886795044e-02,1.629048436880111694e-01,3.499976396560668945e-01,-1.543625593185424805e-01,-4.334422701504081488e-04,3.738527186214923859e-03,-4.171022213995456696e-03
1.522694110870361328e+00,-5.289357900619506836e-01,2.490197122097015381e-01,-3.147410750389099121e-01,-2.556728199124336243e-03,-4.433646798133850098e-03,-4.199432209134101868e-03
1.335538387298583984e+00,-4.862567782402038574e-01,3.024275302886962891e-01,-4.158073365688323975e-01,-4.105550236999988556e-03,-3.334381617605686188e-03,-4.307912662625312805e-03
7.522202730178833008e-01,-3.609544634819030762e-01,4.904885888099670410e-01,-4.784977138042449951e-01,-3.622881136834621429e-03,1.146790105849504471e-03,-4.644352942705154419e-03
-2.700441330671310425e-02,2.362220287322998047e-01,3.876509070396423340e-01,-1.826610565185546875e-01,5.633913679048418999e-04,2.030688337981700897e-03,-4.152725450694561005e-03
-3.400329872965812683e-02,2.543236017227172852e-01,3.668316602706909180e-01,-1.739141643047332764e-01,6.145880324766039848e-04,2.199168317019939423e-03,-4.149375483393669128e-03
-4.820252209901809692e-02,2.697338163852691650e-01,3.072905540466308594e-01,-1.811031401157379150e-01,4.970681620761752129e-04,2.808832097798585892e-03,-3.791685216128826141e-03
-1.147663220763206482e-01,7.949637174606323242e-01,4.130572676658630371e-01,-3.283906579017639160e-01,4.095141310244798660e-03,1.062876544892787933e-04,-2.978344447910785675e-03
-9.680737555027008057e-02,8.894519805908203125e-01,4.531131386756896973e-01,-2.781154215335845947e-01,4.458899144083261490e-03,4.085898399353027344e-05,-3.594535402953624725e-03
-7.643155008554458618e-02,9.644483327865600586e-01,4.957734346389770508e-01,-2.224925160408020020e-01,4.724532365798950195e-03,4.541408270597457886e-05,-4.180081188678741455e-03
-2.760989069938659668e-01,4.295912981033325195e-01,3.703968226909637451e-01,-2.254505455493927002e-01,4.830576479434967041e-03,-1.497073564678430557e-03,-3.220797982066869736e-03
-2.729718685150146484e-01,4.256078600883483887e-01,3.554469048976898193e-01,-2.788019776344299316e-01,4.695839248597621918e-03,-1.684100367128849030e-03,-2.930208574980497360e-03
-2.962720096111297607e-01,4.404587149620056152e-01,3.464852571487426758e-01,-2.913534045219421387e-01,4.955072887241840363e-03,-2.003932371735572815e-03,-2.788218669593334198e-03
-3.003585934638977051e-01,4.746809601783752441e-01,3.383123874664306641e-01,-2.955362498760223389e-01,5.034087225794792175e-03,-2.146533923223614693e-03,-2.722777891904115677e-03
-2.373580783605575562e-01,4.473842978477478027e-01,3.304683268070220947e-01,-2.534562647342681885e-01,4.177124705165624619e-03,-5.837189964950084686e-04,-3.254895098507404327e-03
-1.911383152008056641e+00,-2.400194257497787476e-01,2.308531701564788818e-01,-2.626110613346099854e-01,-1.377571746706962585e-02,-1.090776640921831131e-02,4.412592388689517975e-04
-2.044635057449340820e+00,-2.713223695755004883e-01,3.221234381198883057e-01,-3.373803198337554932e-01,-1.376333087682723999e-02,-1.121524162590503693e-02,3.106981283053755760e-03
-2.497052103281021118e-01,-5.341555178165435791e-02,3.348166346549987793e-01,-3.581016063690185547e-01,2.587732858955860138e-03,6.305747665464878082e-04,-1.382959075272083282e-03
-2.973141372203826904e-01,-1.662887632846832275e-02,3.233276009559631348e-01,-3.932018876075744629e-01,2.924548694863915443e-03,2.404674887657165527e-04,-1.053377054631710052e-03
1.415764540433883667e-01,1.006309837102890015e-01,5.256250500679016113e-01,-2.720546424388885498e-01,-1.324957353062927723e-03,2.380754798650741577e-03,-4.227796569466590881e-03
1.232008114457130432e-01,1.010836511850357056e-01,5.583089590072631836e-01,-2.919336557388305664e-01,-8.569896453991532326e-04,1.773426309227943420e-03,-4.110790789127349854e-03
4.194106757640838623e-01,-3.296218812465667725e-02,5.120981335639953613e-01,-3.333075344562530518e-01,-3.891605883836746216e-03,5.415389314293861389e-03,-5.388892255723476410e-03
4.113919734954833984e-01,-3.148148953914642334e-02,5.047198534011840820e-01,-3.328704535961151123e-01,-3.826019354164600372e-03,5.466723814606666565e-03,-5.316991358995437622e-03
4.505155682563781738e-01,6.329879164695739746e-03,5.549824237823486328e-01,-2.677723169326782227e-01,-4.071841016411781311e-03,5.004360340535640717e-03,-5.943744443356990814e-03
4.779529869556427002e-01,3.471286594867706299e-02,5.945355296134948730e-01,-2.126696705818176270e-01,-4.207460209727287292e-03,4.840755835175514221e-03,-6.432174704968929291e-03
-1.129342317581176758e-01,6.323385238647460938e-01,4.376560449600219727e-01,-3.769621849060058594e-01,3.416453022509813309e-03,-5.577970296144485474e-04,-3.181460779160261154e-03
-1.166400909423828125e-01,6.526973247528076172e-01,4.554809629917144775e-01,-3.505045175552368164e-01,3.648411482572555542e-03,-5.932752974331378937e-04,-3.382959403097629547e-03
-1.124248877167701721e-01,6.535530686378479004e-01,4.635496735572814941e-01,-3.239140212535858154e-01,3.689182456582784653e-03,-4.607723094522953033e-04,-3.521481528878211975e-03
-9.768176078796386719e-02,6.658093333244323730e-01,4.634194970130920410e-01,-2.814655005931854248e-01,3.666056785732507706e-03,-1.972927711904048920e-04,-3.798509947955608368e-03
-8.178785443305969238e-02,6.495000720024108887e-01,4.578779935836791992e-01,-2.421185672283172607e-01,3.447484225034713745e-03,1.987135037779808044e-04,-3.976942040026187897e-03
-5.251355469226837158e-02,9.144082069396972656e-01,4.480618834495544434e-01,-3.055526316165924072e-01,4.259851761162281036e-03,-3.838199190795421600e-04,-4.225961863994598389e-03
-7.497977465391159058e-02,9.246872067451477051e-01,4.445721507072448730e-01,-3.477365970611572266e-01,4.481905139982700348e-03,-7.850350812077522278e-04,-3.991005010902881622e-03
-7.908938080072402954e-02,9.158592224121093750e-01,4.405938982963562012e-01,-3.721383810043334961e-01,4.450082778930664062e-03,-8.988324552774429321e-04,-3.863465972244739532e-03
-7.928000390529632568e-02,8.975708484649658203e-01,4.430980086326599121e-01,-3.979972898960113525e-01,4.338575527071952820e-03,-9.880762081593275070e-04,-3.734859637916088104e-03
-8.922976255416870117e-02,8.523858189582824707e-01,4.254693090915679932e-01,-4.114066064357757568e-01,4.195115994662046432e-03,-1.015333458781242371e-03,-3.603135235607624054e-03
-8.451440185308456421e-02,7.895222902297973633e-01,4.222815334796905518e-01,-4.144827425479888916e-01,3.867389168590307236e-03,-8.875888306647539139e-04,-3.556744195520877838e-03
8.413659036159515381e-02,2.505163848400115967e-02,3.993931114673614502e-01,-2.953567504882812500e-01,-1.663104747422039509e-03,3.763369284570217133e-03,-3.517732024192810059e-03
8.719477802515029907e-02,5.836938321590423584e-02,4.341335594654083252e-01,-2.737162411212921143e-01,-1.443340559490025043e-03,3.238069359213113785e-03,-3.801666200160980225e-03
8.911959081888198853e-02,8.027757704257965088e-02,4.607197046279907227e-01,-2.528526484966278076e-01,-1.229161978699266911e-03,2.832370344549417496e-03,-3.993406891822814941e-03
8.029942959547042847e-02,1.147946864366531372e-01,4.784068465232849121e-01,-2.196602523326873779e-01,-8.854727493599057198e-04,2.607423812150955200e-03,-4.127114079892635345e-03
-1.915224045515060425e-01,1.257052272558212280e-01,3.483419418334960938e-01,-2.612264156341552734e-01,2.339516766369342804e-03,9.698234498500823975e-04,-2.016151323914527893e-03
-2.084573805332183838e-01,1.306311935186386108e-01,3.368240892887115479e-01,-2.925271093845367432e-01,2.442046068608760834e-03,8.000596426427364349e-04,-1.757629215717315674e-03
-2.244384586811065674e-01,1.321676522493362427e-01,3.179852366447448730e-01,-3.193275630474090576e-01,2.493014093488454819e-03,6.590439006686210632e-04,-1.487867906689643860e-03
-8.539441227912902832e-02,-9.160642623901367188e-01,4.342258572578430176e-01,-2.242114841938018799e-01,-6.349507020786404610e-04,1.958698965609073639e-03,-2.749727573245763779e-03
-8.086415380239486694e-02,-9.399086236953735352e-01,4.301820993423461914e-01,-2.210002243518829346e-01,-7.366148056462407112e-04,1.988464035093784332e-03,-2.793713938444852829e-03
3.763008862733840942e-02,1.269954890012741089e-01,4.432020187377929688e-01,-3.305312395095825195e-01,-5.235896678641438484e-04,1.797449775040149689e-03,-3.455180674791336060e-03
-3.909639082849025726e-03,1.869846731424331665e-01,4.111366569995880127e-01,-4.125601947307586670e-01,7.058531627990305424e-05,1.031077001243829727e-03,-2.946430817246437073e-03
-2.919852361083030701e-02,2.466566711664199829e-01,3.777265548706054688e-01,-4.529671370983123779e-01,4.218098765704780817e-04,8.590854704380035400e-04,-2.649776637554168701e-03
-2.205107361078262329e-02,3.329599499702453613e-01,3.571750223636627197e-01,-5.354239344596862793e-01,3.917956782970577478e-04,6.559137254953384399e-04,-2.519148401916027069e-03
-2.083788067102432251e-01,3.354074954986572266e-01,4.156490564346313477e-01,-3.303571939468383789e-01,3.540039062500000000e-03,-1.311696600168943405e-03,-2.926404587924480438e-03
-2.571911811828613281e-01,4.076815843582153320e-01,3.606536984443664551e-01,-2.951767742633819580e-01,4.424517042934894562e-03,-1.580463023856282234e-03,-2.896789461374282837e-03
-2.573253810405731201e-01,4.328746795654296875e-01,3.495949506759643555e-01,-2.917069792747497559e-01,4.482991993427276611e-03,-1.531556947156786919e-03,-2.908772788941860199e-03
-2.421571612358093262e-01,4.517785310745239258e-01,3.149674832820892334e-01,-2.968814074993133545e-01,4.066403489559888840e-03,-1.053533051162958145e-03,-2.895238809287548065e-03
-2.479379922151565552e-01,4.605026841163635254e-01,3.062277138233184814e-01,-2.850198745727539062e-01,4.092459566891193390e-03,-9.938322473317384720e-04,-2.878022380173206329e-03
9.658007323741912842e-02,3.541175723075866699e-01,4.931979775428771973e-01,-2.913294732570648193e-01,-2.822707756422460079e-05,3.913071006536483765e-03,-2.951523289084434509e-03
9.682891517877578735e-02,3.669526576995849609e-01,4.956630468368530273e-01,-3.008845150470733643e-01,7.519411155954003334e-06,3.894299268722534180e-03,-2.877332270145416260e-03
1.051621288061141968e-01,3.691280484199523926e-01,4.955289959907531738e-01,-3.076072037220001221e-01,-7.338318391703069210e-05,3.940148279070854187e-03,-2.873534336686134338e-03
8.608546108007431030e-02,3.859273791313171387e-01,4.919505715370178223e-01,-3.502031564712524414e-01,7.803217158652842045e-05,3.677370026707649231e-03,-2.533520571887493134e-03
-4.549974575638771057e-02,2.188977748155593872e-01,4.381862282752990723e-01,-4.230410754680633545e-01,9.741558460518717766e-04,1.511718146502971649e-04,-2.808369230479001999e-03
-6.244128942489624023e-02,2.814059853553771973e-01,3.770420551300048828e-01,-4.696678221225738525e-01,1.013554050587117672e-03,2.063801512122154236e-04,-2.531112637370824814e-03
2.074765563011169434e-01,8.628036081790924072e-02,5.004173517227172852e-01,-3.090272247791290283e-01,-2.331898547708988190e-03,3.166556358337402344e-03,-4.282847046852111816e-03
2.007342129945755005e-01,1.072042137384414673e-01,5.758696794509887695e-01,-2.605837881565093994e-01,-1.680982881225645542e-03,2.543476410210132599e-03,-4.694595001637935638e-03
1.571191400289535522e-01,1.013443320989608765e-01,4.881391525268554688e-01,-2.310346662998199463e-01,-1.778785255737602711e-03,3.197731915861368179e-03,-4.393546842038631439e-03
1.253068596124649048e-01,1.083628088235855103e-01,5.105212926864624023e-01,-2.875718474388122559e-01,-1.146989059634506702e-03,2.336384728550910950e-03,-4.033639095723628998e-03
1.185393780469894409e-01,1.038292497396469116e-01,5.167631506919860840e-01,-3.034529983997344971e-01,-1.009454135783016682e-03,2.140348777174949646e-03,-3.938913345336914062e-03
5.259659886360168457e-02,1.123661845922470093e-01,5.492104887962341309e-01,-3.660418987274169922e-01,-2.218080626334995031e-04,1.161251217126846313e-03,-3.421857021749019623e-03
-2.443341165781021118e-01,4.141826629638671875e-01,3.914598822593688965e-01,-2.261161208152770996e-01,4.407993983477354050e-03,-1.206803135573863983e-03,-3.385546151548624039e-03
-2.847792506217956543e-01,4.191855192184448242e-01,3.676342964172363281e-01,-2.621394693851470947e-01,4.876654595136642456e-03,-1.792205497622489929e-03,-2.999609336256980896e-03
-2.540239691734313965e-01,4.350944161415100098e-01,3.527633547782897949e-01,-2.688621878623962402e-01,4.493376240134239197e-03,-1.395881874486804008e-03,-3.044203855097293854e-03
-2.666186094284057617e-01,4.647151231765747070e-01,3.390472531318664551e-01,-2.838092744350433350e-01,4.674270283430814743e-03,-1.572913723066449165e-03,-2.924008294939994812e-03
-1.458245635032653809e+00,-2.193023920059204102e+00,2.062019705772399902e-01,-6.609354019165039062e-01,-1.993781700730323792e-02,-1.034030131995677948e-02,7.687668316066265106e-03
-1.507457733154296875e+00,-2.211310386657714844e+00,2.443150281906127930e-01,-6.603764295578002930e-01,-2.090367302298545837e-02,-1.147341169416904449e-02,8.453853428363800049e-03
-1.557508468627929688e+00,-2.210479736328125000e+00,2.757116556167602539e-01,-6.343283653259277344e-01,-2.164083346724510193e-02,-1.260877959430217743e-02,9.027068503201007843e-03
-1.582260370254516602e+00,-2.225733518600463867e+00,2.902098894119262695e-01,-6.324723958969116211e-01,-2.213853970170021057e-02,-1.328839547932147980e-02,9.544113650918006897e-03
-1.594256877899169922e+00,-2.229757308959960938e+00,3.037666678428649902e-01,-6.277958750724792480e-01,-2.236920222640037537e-02,-1.368499919772148132e-02,9.824272245168685913e-03
-1.608599424362182617e+00,-2.243157863616943359e+00,3.102824687957763672e-01,-6.140249967575073242e-01,-2.272463589906692505e-02,-1.421226002275943756e-02,1.023676153272390366e-02
-1.614712595939636230e+00,-2.253720998764038086e+00,3.067452907562255859e-01,-5.936079025268554688e-01,-2.290226146578788757e-02,-1.453751511871814728e-02,1.047344505786895752e-02
-1.616434574127197266e+00,-2.259881019592285156e+00,3.008322119712829590e-01,-5.740679502487182617e-01,-2.294513583183288574e-02,-1.475594751536846161e-02,1.062031835317611694e-02
-1.256519556045532227e-01,4.822596907615661621e-02,4.455576539039611816e-01,-1.406722962856292725e-01,1.448145019821822643e-03,2.173441927880048752e-03,-2.708701416850090027e-03
-8.740250766277313232e-02,-6.121769547462463379e-03,4.199320077896118164e-01,-1.778738200664520264e-01,8.201695745810866356e-04,2.612289041280746460e-03,-2.566721756011247635e-03
-1.073756739497184753e-01,1.115976274013519287e-02,3.833880126476287842e-01,-2.563575506210327148e-01,8.158314740285277367e-04,2.326144371181726456e-03,-1.993410289287567139e-03
3.006586432456970215e-01,-2.624387145042419434e-01,5.010612010955810547e-01,-3.568706810474395752e-01,-3.500013612210750580e-03,5.029814317822456360e-03,-3.950970247387886047e-03
2.987929582595825195e-01,-2.284100502729415894e-01,4.695289731025695801e-01,-4.186271727085113525e-01,-3.652679733932018280e-03,5.289759486913681030e-03,-3.520078025758266449e-03
4.703728109598159790e-02,1.367707997560501099e-01,4.752420783042907715e-01,-2.863377034664154053e-01,-3.540665784385055304e-04,1.743907108902931213e-03,-3.733658231794834137e-03
3.421957790851593018e-02,1.617333739995956421e-01,4.796145558357238770e-01,-2.554403245449066162e-01,-4.451125278137624264e-05,1.676452346146106720e-03,-3.869719803333282471e-03
1.818145066499710083e-02,2.048509716987609863e-01,4.965775609016418457e-01,-2.158437669277191162e-01,4.958104109391570091e-04,1.435972284525632858e-03,-4.081380553543567657e-03
-2.498513907194137573e-01,9.240084886550903320e-01,7.233157157897949219e-01,9.073129892349243164e-01,9.818350896239280701e-03,1.413611229509115219e-03,-1.068077702075242996e-02
-1.108395978808403015e-01,3.113578259944915771e-01,4.131835699081420898e-01,-1.858687698841094971e-01,2.247777767479419708e-03,6.935000419616699219e-04,-3.878694958984851837e-03
-1.127299144864082336e-01,3.108683824539184570e-01,3.785955905914306641e-01,-1.654934883117675781e-01,2.029641531407833099e-03,1.058067195117473602e-03,-4.016688093543052673e-03
-1.193644180893898010e-01,2.810424566268920898e-01,3.621613681316375732e-01,-1.152808144688606262e-01,1.932650222443044186e-03,1.346068922430276871e-03,-4.269766621291637421e-03
-1.981558203697204590e-01,5.906276702880859375e-01,4.829326272010803223e-01,-2.663906514644622803e-01,4.251416772603988647e-03,-1.022260403260588646e-03,-3.274329937994480133e-03
-2.383814305067062378e-01,5.077749490737915039e-01,3.943846821784973145e-01,-2.538045942783355713e-01,4.207886755466461182e-03,-7.433071732521057129e-04,-3.007502295076847076e-03
-2.406949847936630249e-01,3.816310167312622070e-01,3.666752874851226807e-01,-2.936416864395141602e-01,3.757948521524667740e-03,-7.837682496756315231e-04,-2.692433074116706848e-03
-2.613420486450195312e-01,3.642977476119995117e-01,3.581412136554718018e-01,-3.397833704948425293e-01,3.837992902845144272e-03,-9.710798040032386780e-04,-2.245436422526836395e-03
-2.932184636592864990e-01,2.017686218023300171e-01,3.168695271015167236e-01,-3.451172709465026855e-01,3.132801968604326248e-03,-4.115328192710876465e-05,-1.077748835086822510e-03
-2.901964485645294189e-01,2.227197438478469849e-01,3.160672187805175781e-01,-3.443127572536468506e-01,3.194445045664906502e-03,-8.491193875670433044e-05,-1.144820824265480042e-03
-2.922727465629577637e-01,2.344764322042465210e-01,3.160731792449951172e-01,-3.378317058086395264e-01,3.285373095422983170e-03,-1.326804049313068390e-04,-1.212496310472488403e-03
-2.717179954051971436e-01,2.648420929908752441e-01,3.174565434455871582e-01,-3.264177441596984863e-01,3.247584681957960129e-03,-8.992850780487060547e-06,-1.475541852414608002e-03
-2.664813995361328125e-01,2.859234213829040527e-01,3.163637518882751465e-01,-3.254940211772918701e-01,3.267782740294933319e-03,-9.491108357906341553e-06,-1.513460185378789902e-03
-2.681602239608764648e-01,3.180240988731384277e-01,3.148339092731475830e-01,-3.055353164672851562e-01,3.447639057412743568e-03,-6.132805719971656799e-05,-1.709945965558290482e-03
-2.555536031723022461e-01,3.635251522064208984e-01,3.117534518241882324e-01,-3.046717345714569092e-01,3.471925389021635056e-03,-2.887798473238945007e-05,-1.774024683982133865e-03
-2.118445932865142822e-01,3.720850348472595215e-01,4.638648629188537598e-01,-2.394184768199920654e-01,3.975193947553634644e-03,-1.154617639258503914e-03,-3.504405263811349869e-03
-2.212116569280624390e-01,3.992993235588073730e-01,4.181627035140991211e-01,-2.323806583881378174e-01,4.119951743632555008e-03,-1.052958657965064049e-03,-3.438028041273355484e-03
-2.303265780210494995e-01,4.326795339584350586e-01,3.759286701679229736e-01,-1.962639987468719482e-01,4.302877932786941528e-03,-8.391831070184707642e-04,-3.555625211447477341e-03
-2.124760001897811890e-01,4.598000049591064453e-01,3.636310100555419922e-01,-1.951471269130706787e-01,4.008284769952297211e-03,-4.679569974541664124e-04,-3.639749251306056976e-03
-2.189600616693496704e-01,4.661716818809509277e-01,3.568179607391357422e-01,-2.061796188354492188e-01,4.081226419657468796e-03,-5.764402449131011963e-04,-3.557032905519008636e-03
-2.189600616693496704e-01,4.661716818809509277e-01,3.568179607391357422e-01,-2.061796188354492188e-01,4.081226419657468796e-03,-5.764402449131011963e-04,-3.557032905519008636e-03
-2.193860262632369995e-01,4.634853005409240723e-01,3.588819205760955811e-01,-2.038007974624633789e-01,4.094545263797044754e-03,-5.861828103661537170e-04,-3.569024614989757538e-03
-2.062903195619583130e-01,4.537495374679565430e-01,3.628264069557189941e-01,-2.093943953514099121e-01,3.883939934894442558e-03,-4.483163356781005859e-04,-3.584933932870626450e-03
-2.236786484718322754e-01,4.561536312103271484e-01,3.533089160919189453e-01,-2.356927990913391113e-01,4.112268332391977310e-03,-7.914490997791290283e-04,-3.365383483469486237e-03
-2.242600470781326294e-01,4.514548182487487793e-01,3.548990488052368164e-01,-2.366434037685394287e-01,4.118663724511861801e-03,-8.160024881362915039e-04,-3.355641849339008331e-03
-2.318460196256637573e-01,4.459993243217468262e-01,3.535585701465606689e-01,-2.463048994541168213e-01,4.219678230583667755e-03,-9.762193076312541962e-04,-3.260513767600059509e-03
-2.514109313488006592e-01,4.325785040855407715e-01,3.553502857685089111e-01,-2.620418071746826172e-01,4.464935511350631714e-03,-1.338783884420990944e-03,-3.090239595621824265e-03
-2.445153892040252686e-01,4.313910007476806641e-01,3.570161163806915283e-01,-2.565641999244689941e-01,4.381171427667140961e-03,-1.232914626598358154e-03,-3.143960144370794296e-03
-2.489984035491943359e-01,4.271080493927001953e-01,3.582164347171783447e-01,-2.613427340984344482e-01,4.424070008099079132e-03,-1.316425157710909843e-03,-3.104832023382186890e-03
-2.489984035491943359e-01,4.271080493927001953e-01,3.582164347171783447e-01,-2.613427340984344482e-01,4.424070008099079132e-03,-1.316425157710909843e-03,-3.104832023382186890e-03
-2.605047225952148438e-01,4.197442531585693359e-01,3.605841398239135742e-01,-2.674289345741271973e-01,4.546663258224725723e-03,-1.493618823587894440e-03,-3.034428693354129791e-03
-2.677283883094787598e-01,4.132874011993408203e-01,3.622102141380310059e-01,-2.767834961414337158e-01,4.611271433532238007e-03,-1.633996376767754555e-03,-2.964464016258716583e-03
-2.648501098155975342e-01,4.121372699737548828e-01,3.633066415786743164e-01,-2.764212191104888916e-01,4.574528895318508148e-03,-1.602530945092439651e-03,-2.979214303195476532e-03
-2.405515313148498535e-02,6.414020061492919922e-01,5.461108088493347168e-01,7.527065873146057129e-01,6.673166994005441666e-03,3.073425963521003723e-03,-9.060670621693134308e-03
-1.506123691797256470e-01,3.572089076042175293e-01,3.494104146957397461e-01,-3.549835681915283203e-01,2.519042696803808212e-03,-3.324653953313827515e-04,-2.944945823401212692e-03
-1.488326936960220337e-01,3.419318795204162598e-01,3.643129765987396240e-01,-3.570688068866729736e-01,2.548340242356061935e-03,-4.720985889434814453e-04,-2.936517354100942612e-03
-1.380816549062728882e-01,3.166374564170837402e-01,4.072748422622680664e-01,-3.390683233737945557e-01,2.588341012597084045e-03,-5.190619267523288727e-04,-3.026929218322038651e-03
-1.422994583845138550e-01,3.167520165443420410e-01,4.179973006248474121e-01,-3.327350616455078125e-01,2.673756331205368042e-03,-5.674953572452068329e-04,-3.061696887016296387e-03
-1.264741122722625732e-01,2.897877097129821777e-01,4.528427720069885254e-01,-2.975844144821166992e-01,2.509509678930044174e-03,-3.408938646316528320e-04,-3.293884918093681335e-03
-1.248682662844657898e-01,2.753940820693969727e-01,4.641936421394348145e-01,-2.967010438442230225e-01,2.465453464537858963e-03,-3.623859956860542297e-04,-3.311082720756530762e-03
-1.289159953594207764e-01,2.845540642738342285e-01,4.677129387855529785e-01,-2.568830549716949463e-01,2.628216054290533066e-03,-2.640718594193458557e-04,-3.505841828882694244e-03
-1.240602955222129822e-01,2.788652181625366211e-01,4.771825075149536133e-01,-2.499870359897613525e-01,2.571066375821828842e-03,-2.170866355299949646e-04,-3.559076227247714996e-03
-1.071304380893707275e-01,2.809371054172515869e-01,5.035672783851623535e-01,-2.059680223464965820e-01,2.478526439517736435e-03,-1.200195401906967163e-05,-3.872750326991081238e-03
-1.852370947599411011e-01,2.524079084396362305e-01,4.824107289314270020e-01,-4.115732014179229736e-01,2.921236678957939148e-03,-1.593642169609665871e-03,-2.676776144653558731e-03
-2.509633898735046387e-01,3.986482024192810059e-01,3.509640097618103027e-01,-3.313562273979187012e-01,4.190709441900253296e-03,-1.563898520544171333e-03,-2.667304128408432007e-03
-2.879720926284790039e-01,4.007809162139892578e-01,3.533636331558227539e-01,-3.972948491573333740e-01,4.514670465141534805e-03,-2.138490322977304459e-03,-2.156483940780162811e-03
-3.310331106185913086e-01,4.128499627113342285e-01,3.607474565505981445e-01,-4.576530158519744873e-01,4.983769729733467102e-03,-2.754082670435309410e-03,-1.671133562922477722e-03
1.766301512718200684e+00,3.281353712081909180e-01,5.025996565818786621e-01,-2.714060246944427490e-01,-1.811442081816494465e-03,-7.438268512487411499e-03,-5.437562242150306702e-03
1.760390877723693848e+00,3.307247757911682129e-01,4.978602528572082520e-01,-2.662356495857238770e-01,-1.899730530567467213e-03,-7.252280600368976593e-03,-5.473557859659194946e-03
1.775373935699462891e+00,3.399876952171325684e-01,5.045208930969238281e-01,-2.576653063297271729e-01,-1.752403681166470051e-03,-7.400127127766609192e-03,-5.451815202832221985e-03
1.777992963790893555e+00,3.338336348533630371e-01,4.787820577621459961e-01,-2.444962859153747559e-01,-1.160310697741806507e-03,-7.128963246941566467e-03,-5.093807354569435120e-03
1.799764156341552734e+00,3.377802968025207520e-01,4.815127253532409668e-01,-2.141468822956085205e-01,-7.888256805017590523e-04,-7.184556685388088226e-03,-5.047441460192203522e-03
-6.015780195593833923e-02,3.165948987007141113e-01,4.345301687717437744e-01,-1.887713074684143066e-01,1.632087281905114651e-03,1.176697667688131332e-03,-4.050562158226966858e-03
-4.390872642397880554e-02,2.534008026123046875e-01,4.108552336692810059e-01,-2.106385529041290283e-01,9.836045792326331139e-04,1.530419569462537766e-03,-3.942552953958511353e-03
-6.359491497278213501e-02,2.643931508064270020e-01,3.791568577289581299e-01,-2.236550748348236084e-01,1.094987033866345882e-03,1.442898064851760864e-03,-3.831585869193077087e-03
-6.217957288026809692e-02,2.666101455688476562e-01,3.683206439018249512e-01,-2.427438199520111084e-01,1.000229618512094021e-03,1.524618826806545258e-03,-3.715172875672578812e-03
-1.663683056831359863e+00,1.499442011117935181e-01,1.381057500839233398e-01,-2.963371276855468750e-01,-1.287105400115251541e-02,-3.951037302613258362e-03,-1.583871431648731232e-03
-1.684375524520874023e+00,1.707422584295272827e-01,2.451568245887756348e-01,-3.230091631412506104e-01,-1.274671498686075211e-02,-4.518458619713783264e-03,-4.670945927500724792e-04
-1.636871814727783203e+00,1.781232208013534546e-01,1.995359659194946289e-01,-3.308152854442596436e-01,-1.254069246351718903e-02,-3.662542672827839851e-03,-1.322254072874784470e-03
-1.640359401702880859e+00,1.833146959543228149e-01,2.243952155113220215e-01,-3.522640764713287354e-01,-1.263328455388545990e-02,-3.716072998940944672e-03,-9.474847465753555298e-04
-1.650420546531677246e+00,1.893290728330612183e-01,2.437192797660827637e-01,-3.536380529403686523e-01,-1.247721537947654724e-02,-3.835091833025217056e-03,-6.731906905770301819e-04
-1.637418627738952637e+00,1.919664293527603149e-01,2.373453676700592041e-01,-3.645993471145629883e-01,-1.246498618274927139e-02,-3.596723545342683792e-03,-7.856488227844238281e-04
-1.633540630340576172e+00,1.923288553953170776e-01,2.357196807861328125e-01,-3.736218214035034180e-01,-1.243505347520112991e-02,-3.486297791823744774e-03,-7.769153453409671783e-04
-1.628333926200866699e+00,1.954867392778396606e-01,2.326847314834594727e-01,-3.742552697658538818e-01,-1.232211291790008545e-02,-3.425385802984237671e-03,-8.827038109302520752e-04
-1.637700080871582031e+00,1.997991949319839478e-01,2.548631429672241211e-01,-3.702942430973052979e-01,-1.209526695311069489e-02,-3.533294657245278358e-03,-5.492754280567169189e-04
-1.641102910041809082e+00,2.080418318510055542e-01,2.690331339836120605e-01,-3.760162889957427979e-01,-1.189458649605512619e-02,-3.540474455803632736e-03,-3.010807558894157410e-04
-1.631653189659118652e+00,2.115412503480911255e-01,2.644452750682830811e-01,-3.721523582935333252e-01,-1.175811886787414551e-02,-3.552311332896351814e-03,-5.475590005517005920e-04
-1.635449528694152832e+00,2.200618237257003784e-01,2.578342258930206299e-01,-3.669970631599426270e-01,-1.166155841201543808e-02,-3.586773760616779327e-03,-6.224904209375381470e-04
1.897166818380355835e-01,-1.296232640743255615e-02,3.883675932884216309e-01,-3.167605102062225342e-01,-2.653234638273715973e-03,6.076402030885219574e-03,-3.196300938725471497e-03
1.875344365835189819e-01,2.966989576816558838e-02,3.910294175148010254e-01,-2.807542681694030762e-01,-2.490096725523471832e-03,6.481046788394451141e-03,-3.308047540485858917e-03
2.775194644927978516e-01,1.148926138877868652e+00,4.246763586997985840e-01,-2.961581647396087646e-01,1.288408297114074230e-03,4.266945645213127136e-03,-5.399504676461219788e-03
2.559824883937835693e-01,1.205506682395935059e+00,3.938046395778656006e-01,-2.833523452281951904e-01,1.714094425551593304e-03,4.822723567485809326e-03,-5.444705486297607422e-03
2.398722618818283081e-01,1.168557167053222656e+00,3.722267150878906250e-01,-3.207949697971343994e-01,1.488861511461436749e-03,5.005951970815658569e-03,-5.158415064215660095e-03
-1.220070719718933105e+00,-1.304717183113098145e+00,2.000475227832794189e-01,-4.717691242694854736e-01,-7.825012318789958954e-03,-3.214443335309624672e-03,-5.422610789537429810e-03
-1.371478676795959473e+00,-1.343452215194702148e+00,9.117137640714645386e-02,-4.780393540859222412e-01,-1.022262591868638992e-02,-4.560454282909631729e-03,-3.930950537323951721e-03
-1.424078464508056641e+00,-1.416754961013793945e+00,-6.468177586793899536e-02,-5.108072161674499512e-01,-1.121288165450096130e-02,-4.634609445929527283e-03,-3.974758088588714600e-03
-1.486010909080505371e+00,-1.509078741073608398e+00,-1.916364729404449463e-01,-5.720118880271911621e-01,-1.264701411128044128e-02,-4.997635260224342346e-03,-3.905814141035079956e-03
2.919749617576599121e-01,3.915089368820190430e-01,2.673703134059906006e-01,3.420315682888031006e-01,8.762785000726580620e-04,1.046918705105781555e-02,-4.643892869353294373e-03
-4.130562841892242432e-01,4.055340886116027832e-01,-2.529567778110504150e-01,1.962768435478210449e-01,2.357835881412029266e-03,1.122028194367885590e-02,-9.009519591927528381e-03
-1.432521194219589233e-01,-3.489223122596740723e-01,3.737023472785949707e-01,-3.901773393154144287e-01,4.133762849960476160e-04,2.297348342835903168e-03,-7.170550525188446045e-04
-1.548885554075241089e-01,-2.541771531105041504e-01,3.353896141052246094e-01,-3.502854704856872559e-01,9.464564500376582146e-04,2.265388611704111099e-03,-9.911041706800460815e-04
-1.692378520965576172e-01,-2.249952703714370728e-01,3.264438509941101074e-01,-2.501400113105773926e-01,1.248211483471095562e-03,2.596598118543624878e-03,-1.515086740255355835e-03
-1.554952859878540039e-01,-1.260287612676620483e-01,3.388758897781372070e-01,-1.930160522460937500e-01,1.190564478747546673e-03,2.570903860032558441e-03,-2.303243149071931839e-03
-1.139777302742004395e-01,-3.622053563594818115e-02,4.552721977233886719e-01,-3.441022634506225586e-01,1.042579184286296368e-03,4.222104325890541077e-05,-2.584856003522872925e-03
-1.148193478584289551e-01,5.088165402412414551e-03,4.499242007732391357e-01,-2.870291471481323242e-01,1.340923248790204525e-03,1.536537893116474152e-04,-2.946330234408378601e-03
-9.160251915454864502e-02,-7.165117561817169189e-02,4.414605796337127686e-01,-2.062089145183563232e-01,7.971365703269839287e-04,1.133554149419069290e-03,-3.387895412743091583e-03
-3.068889677524566650e-02,2.572191953659057617e-01,4.104072451591491699e-01,-1.941083967685699463e-01,8.166761836037039757e-04,1.756482757627964020e-03,-4.099890589714050293e-03
1.652189414016902447e-03,2.180098444223403931e-01,4.538233280181884766e-01,-2.160819172859191895e-01,4.455097077880054712e-04,1.717031467705965042e-03,-4.021199420094490051e-03
-1.169101055711507797e-02,2.419068217277526855e-01,4.699785709381103516e-01,-2.185846567153930664e-01,8.567430777475237846e-04,1.337724272161722183e-03,-3.983896225690841675e-03
-2.175150811672210693e-02,1.784975975751876831e-01,4.982901215553283691e-01,-2.632130980491638184e-01,9.589603869244456291e-04,7.335525006055831909e-04,-3.708782605826854706e-03
-1.515930797904729843e-02,1.839702278375625610e-01,4.932249784469604492e-01,-2.631573677062988281e-01,8.515644585713744164e-04,8.756569586694240570e-04,-3.725842572748661041e-03
-1.051658298820257187e-02,1.683604568243026733e-01,4.862623810768127441e-01,-2.695343494415283203e-01,6.715719355270266533e-04,9.867679327726364136e-04,-3.678890876471996307e-03
-6.352259777486324310e-03,1.656648218631744385e-01,4.797601699829101562e-01,-2.826573252677917480e-01,5.555654643103480339e-04,1.038763672113418579e-03,-3.609735053032636642e-03
-3.841652534902095795e-03,1.688098460435867310e-01,4.655259251594543457e-01,-2.932946085929870605e-01,4.329317307565361261e-04,1.145542599260807037e-03,-3.555429168045520782e-03
1.051814178936183453e-03,1.786162555217742920e-01,4.621378779411315918e-01,-2.947039306163787842e-01,3.670676669571548700e-04,1.231864094734191895e-03,-3.578764386475086212e-03
-4.037388134747743607e-05,1.830835491418838501e-01,4.572169482707977295e-01,-2.979648411273956299e-01,3.557483723852783442e-04,1.255884766578674316e-03,-3.562987782061100006e-03
2.044074935838580132e-04,1.845692843198776245e-01,4.516617953777313232e-01,-3.050743341445922852e-01,3.070201782975345850e-04,1.284387893974781036e-03,-3.534683957695960999e-03
-1.424616482108831406e-02,2.031956315040588379e-01,4.458079636096954346e-01,-3.072554767131805420e-01,5.422065733000636101e-04,1.129087992012500763e-03,-3.494184929877519608e-03
-4.119872115552425385e-03,1.899609416723251343e-01,4.404366016387939453e-01,-3.033004105091094971e-01,2.950349880848079920e-04,1.358738169074058533e-03,-3.535659052431583405e-03
-2.126655541360378265e-03,1.842875629663467407e-01,4.377106428146362305e-01,-3.113433718681335449e-01,2.210064849350601435e-04,1.372056081891059875e-03,-3.494620323181152344e-03
4.192174412310123444e-03,1.755955964326858521e-01,4.317149221897125244e-01,-3.155164420604705811e-01,5.284594953991472721e-05,1.495605334639549255e-03,-3.484518732875585556e-03
-1.702544093132019043e-02,2.042933851480484009e-01,4.172173440456390381e-01,-3.346841037273406982e-01,3.706458082888275385e-04,1.199572347104549408e-03,-3.351093269884586334e-03
-2.249679714441299438e-02,2.118710726499557495e-01,4.100646376609802246e-01,-3.370651900768280029e-01,4.306052869651466608e-04,1.164156943559646606e-03,-3.332135733217000961e-03
-3.184264898300170898e-02,2.247150689363479614e-01,4.010381102561950684e-01,-3.394311070442199707e-01,5.570588400587439537e-04,1.081257127225399017e-03,-3.307518083602190018e-03
-3.484809026122093201e-02,2.300464063882827759e-01,3.946852684020996094e-01,-3.440409004688262939e-01,5.788638954982161522e-04,1.071698497980833054e-03,-3.275495953857898712e-03
-3.811619803309440613e-02,2.352947443723678589e-01,3.903563022613525391e-01,-3.574083447456359863e-01,6.211301079019904137e-04,9.985649958252906799e-04,-3.187758848071098328e-03
-4.886163771152496338e-02,2.624056339263916016e-01,3.672525286674499512e-01,-3.623110949993133545e-01,7.278182310983538628e-04,1.126060727983713150e-03,-3.099213819950819016e-03
-5.711654201149940491e-02,2.769207954406738281e-01,3.552338480949401855e-01,-3.734501004219055176e-01,8.259684545919299126e-04,1.085927709937095642e-03,-2.991287503391504288e-03
-5.256356298923492432e-02,1.732024908065795898e+00,4.311589002609252930e-01,-3.705461919307708740e-01,7.030737586319446564e-03,-8.847368881106376648e-04,-3.785102628171443939e-03
-1.060666963458061218e-01,1.777867436408996582e+00,3.559031188488006592e-01,-3.815662562847137451e-01,7.517856545746326447e-03,-1.153869554400444031e-03,-3.283319994807243347e-03
-1.870166808366775513e-01,1.654206633567810059e+00,3.233753442764282227e-01,-3.766110539436340332e-01,7.081029936671257019e-03,-2.426265738904476166e-03,-3.859607502818107605e-03
-6.850072741508483887e-01,1.627848982810974121e+00,-8.062608540058135986e-03,-1.210220828652381897e-01,3.115147817879915237e-03,3.217116463929414749e-03,-1.375385187566280365e-02
1.641263365745544434e-01,1.025729626417160034e-01,5.528275370597839355e-01,-2.326082885265350342e-01,-1.415397622622549534e-03,2.501657698303461075e-03,-4.627203568816184998e-03
1.570855677127838135e-01,9.798140823841094971e-02,5.221422314643859863e-01,-2.659069299697875977e-01,-1.552195404656231403e-03,2.597167156636714935e-03,-4.317277111113071442e-03
1.637929081916809082e-01,9.737755358219146729e-02,5.198742151260375977e-01,-2.669139206409454346e-01,-1.653666258789598942e-03,2.682076767086982727e-03,-4.336493089795112610e-03
1.603872925043106079e-01,9.604994952678680420e-02,5.170046687126159668e-01,-2.749793231487274170e-01,-1.632607658393681049e-03,2.633204683661460876e-03,-4.283520393073558807e-03
1.623268276453018188e-01,9.300304949283599854e-02,5.091330409049987793e-01,-2.789157927036285400e-01,-1.719422754831612110e-03,2.714615315198898315e-03,-4.254847764968872070e-03
1.645756810903549194e-01,9.080897271633148193e-02,5.045180916786193848e-01,-2.831954956054687500e-01,-1.782694947905838490e-03,2.768931444734334946e-03,-4.233664833009243011e-03
1.662365496158599854e-01,9.077103435993194580e-02,5.036403536796569824e-01,-2.844816446304321289e-01,-1.809461624361574650e-03,2.790298312902450562e-03,-4.232306033372879028e-03
1.601874530315399170e-01,9.072776138782501221e-02,5.005726218223571777e-01,-2.879275679588317871e-01,-1.759077073074877262e-03,2.749176695942878723e-03,-4.180187359452247620e-03
1.571275591850280762e-01,8.975382149219512939e-02,4.965106248855590820e-01,-2.890677750110626221e-01,-1.758007914759218693e-03,2.766443882137537003e-03,-4.149727523326873779e-03
1.585876494646072388e-01,8.947612345218658447e-02,4.958582520484924316e-01,-2.903057932853698730e-01,-1.781377126462757587e-03,2.783994190394878387e-03,-4.149554297327995300e-03
1.609578579664230347e-01,9.147195518016815186e-02,4.952598810195922852e-01,-2.990868687629699707e-01,-1.807933789677917957e-03,2.775721251964569092e-03,-4.116738215088844299e-03
1.562447100877761841e-01,8.995340764522552490e-02,4.851426482200622559e-01,-3.052552342414855957e-01,-1.840692595578730106e-03,2.819356508553028107e-03,-4.043889231979846954e-03
1.583039909601211548e-01,8.925439417362213135e-02,4.798322916030883789e-01,-3.127150833606719971e-01,-1.910904073156416416e-03,2.872719429433345795e-03,-4.005683586001396179e-03
1.544869989156723022e-01,9.039299190044403076e-02,4.723046422004699707e-01,-3.224651813507080078e-01,-1.914811437018215656e-03,2.862917259335517883e-03,-3.927851095795631409e-03
1.777169853448867798e-01,1.022582799196243286e-01,5.185985565185546875e-01,-3.239697813987731934e-01,-1.809164998121559620e-03,2.606751397252082825e-03,-4.133643582463264465e-03
1.601465940475463867e-01,1.075261980295181274e-01,5.607913136482238770e-01,-3.223818838596343994e-01,-1.282181707210838795e-03,1.996083185076713562e-03,-4.126964136958122253e-03
-3.582924008369445801e-01,4.398612380027770996e-01,3.748620748519897461e-01,-2.240450978279113770e-01,5.771213211119174957e-03,-2.742767333984375000e-03,-2.938000485301017761e-03
-3.591552674770355225e-01,4.494825601577758789e-01,3.717671632766723633e-01,-2.266696989536285400e-01,5.800314247608184814e-03,-2.792726736515760422e-03,-2.886503469198942184e-03
-3.552303612232208252e-01,4.544746875762939453e-01,3.682587146759033203e-01,-2.366631031036376953e-01,5.748924799263477325e-03,-2.784747630357742310e-03,-2.837111707776784897e-03
-3.568043112754821777e-01,4.585077166557312012e-01,3.680817186832427979e-01,-2.358544170856475830e-01,5.783017259091138840e-03,-2.822159323841333389e-03,-2.827463205903768539e-03
-3.568043112754821777e-01,4.585077166557312012e-01,3.680817186832427979e-01,-2.358544170856475830e-01,5.783017259091138840e-03,-2.822159323841333389e-03,-2.827463205903768539e-03
-3.568043112754821777e-01,4.585077166557312012e-01,3.680817186832427979e-01,-2.358544170856475830e-01,5.783017259091138840e-03,-2.822159323841333389e-03,-2.827463205903768539e-03
-3.568043112754821777e-01,4.585077166557312012e-01,3.680817186832427979e-01,-2.358544170856475830e-01,5.783017259091138840e-03,-2.822159323841333389e-03,-2.827463205903768539e-03
-3.568043112754821777e-01,4.585077166557312012e-01,3.680817186832427979e-01,-2.358544170856475830e-01,5.783017259091138840e-03,-2.822159323841333389e-03,-2.827463205903768539e-03
-3.568043112754821777e-01,4.585077166557312012e-01,3.680817186832427979e-01,-2.358544170856475830e-01,5.783017259091138840e-03,-2.822159323841333389e-03,-2.827463205903768539e-03
-3.568043112754821777e-01,4.585077166557312012e-01,3.680817186832427979e-01,-2.358544170856475830e-01,5.783017259091138840e-03,-2.822159323841333389e-03,-2.827463205903768539e-03
-3.424729704856872559e-01,4.893749952316284180e-01,3.555451035499572754e-01,-3.123518824577331543e-01,5.652025341987609863e-03,-2.988117747008800507e-03,-2.430933061987161636e-03
-3.681517243385314941e-01,5.301843285560607910e-01,3.626672029495239258e-01,-3.320069611072540283e-01,6.062535569071769714e-03,-3.524431725963950157e-03,-2.061540260910987854e-03
-4.338822662830352783e-01,5.267583131790161133e-01,4.144825935363769531e-01,-3.486331403255462646e-01,6.788991857320070267e-03,-4.733799956738948822e-03,-1.110015437006950378e-03
-3.792793750762939453e-01,4.873989224433898926e-01,3.760404586791992188e-01,-4.289008080959320068e-01,5.898827686905860901e-03,-3.741574706509709358e-03,-1.457253471016883850e-03
-1.789621829986572266e+00,-1.491312384605407715e-01,-1.401957869529724121e-01,-2.794036567211151123e-01,-1.342086866497993469e-02,-7.245257031172513962e-03,-4.170125350356101990e-03
-1.814134120941162109e+00,-1.537568271160125732e-01,-1.391605734825134277e-01,-2.652239501476287842e-01,-1.377165224403142929e-02,-7.924330420792102814e-03,-3.969343379139900208e-03
1.182397827506065369e-01,-1.338639259338378906e-01,4.382179379463195801e-01,-3.171137273311614990e-01,-2.008427865803241730e-03,3.756984136998653412e-03,-3.388299606740474701e-03
1.167971193790435791e-01,-4.288791120052337646e-02,4.091517329216003418e-01,-3.012799024581909180e-01,-2.111419104039669037e-03,4.006300121545791626e-03,-3.455371130257844925e-03
1.427048593759536743e-01,2.780838310718536377e-02,3.675108253955841064e-01,-2.958747446537017822e-01,-2.519801259040832520e-03,4.776187241077423096e-03,-3.433357458561658859e-03
1.996053755283355713e-02,1.654553860425949097e-01,4.079453945159912109e-01,-3.612968027591705322e-01,-3.894503170158714056e-04,1.779549755156040192e-03,-3.222207073122262955e-03
3.581608086824417114e-02,1.580260545015335083e-01,4.354503452777862549e-01,-3.994694352149963379e-01,-3.949874953832477331e-04,1.368991099298000336e-03,-3.140757326036691666e-03
1.410894189029932022e-02,1.920802146196365356e-01,4.527451694011688232e-01,-4.254420101642608643e-01,1.432228891644626856e-04,7.762876339256763458e-04,-2.996270544826984406e-03
2.414570897817611694e-01,6.131593883037567139e-02,4.261993765830993652e-01,-2.759302556514739990e-01,-2.854290418326854706e-03,4.807308316230773926e-03,-4.307857714593410492e-03
2.400282919406890869e-01,7.563532888889312744e-02,4.633771181106567383e-01,-3.047740459442138672e-01,-2.949616406112909317e-03,4.018533974885940552e-03,-4.364638589322566986e-03
2.803735733032226562e-01,6.910730898380279541e-02,4.861800074577331543e-01,-3.452959656715393066e-01,-3.197746351361274719e-03,3.840036690235137939e-03,-4.433639347553253174e-03
3.199959695339202881e-01,6.815882027149200439e-02,5.067174434661865234e-01,-3.780256509780883789e-01,-3.436089493334293365e-03,3.788218833506107330e-03,-4.501782357692718506e-03
3.664730191230773926e-01,6.583486497402191162e-02,5.325401425361633301e-01,-3.901332318782806396e-01,-3.727955743670463562e-03,3.900978714227676392e-03,-4.685809835791587830e-03
-3.315973281860351562e-01,5.309857130050659180e-01,3.385662436485290527e-01,-3.195217549800872803e-01,5.581022240221500397e-03,-2.907452639192342758e-03,-2.383722923696041107e-03
-3.317686617374420166e-01,5.324436426162719727e-01,3.383128046989440918e-01,-3.235613107681274414e-01,5.583404563367366791e-03,-2.922662766650319099e-03,-2.360881306231021881e-03
-3.338716626167297363e-01,5.124481320381164551e-01,3.450472354888916016e-01,-3.202316761016845703e-01,5.570036359131336212e-03,-2.928779926151037216e-03,-2.388797700405120850e-03
-3.378337025642395020e-01,4.996933937072753906e-01,3.503002524375915527e-01,-3.245316147804260254e-01,5.595210008323192596e-03,-2.978983102366328239e-03,-2.361129038035869598e-03
-3.435329794883728027e-01,5.004763603210449219e-01,3.530711233615875244e-01,-3.354374468326568604e-01,5.664790049195289612e-03,-3.083007177338004112e-03,-2.288703341037034988e-03
-3.381073474884033203e-01,4.911950826644897461e-01,3.521783053874969482e-01,-3.400597274303436279e-01,5.563544109463691711e-03,-2.986755687743425369e-03,-2.276211977005004883e-03
-3.363310694694519043e-01,4.598263502120971680e-01,3.582029342651367188e-01,-3.580663800239562988e-01,5.421755835413932800e-03,-2.894622273743152618e-03,-2.209164202213287354e-03
-3.409281969070434570e-01,4.661356210708618164e-01,3.590056300163269043e-01,-3.635815083980560303e-01,5.493516102433204651e-03,-2.996379509568214417e-03,-2.162505872547626495e-03
-3.606820702552795410e-01,4.637959003448486328e-01,3.702174127101898193e-01,-3.838723003864288330e-01,5.732858087867498398e-03,-3.326711012050509453e-03,-2.013880759477615356e-03
-3.819640874862670898e-01,4.545215964317321777e-01,3.850611746311187744e-01,-3.799662590026855469e-01,6.000560708343982697e-03,-3.661328926682472229e-03,-2.016876824200153351e-03
-1.958012133836746216e-01,4.194318056106567383e-01,3.928626179695129395e-01,-1.687833368778228760e-01,3.863228717818856239e-03,-3.282311372458934784e-04,-3.809617832303047180e-03
-2.104215472936630249e-01,4.542398452758789062e-01,3.727242648601531982e-01,-1.772814095020294189e-01,4.039707593619823456e-03,-4.132306203246116638e-04,-3.737492486834526062e-03
-2.350147515535354614e-01,4.735030531883239746e-01,3.608414828777313232e-01,-1.629592776298522949e-01,4.381729289889335632e-03,-5.783457309007644653e-04,-3.719600848853588104e-03
-1.996471405029296875e+00,-7.171019911766052246e-02,1.598742008209228516e-01,-2.148770987987518311e-01,-1.428356580436229706e-02,-9.619469754397869110e-03,1.026005484163761139e-03
-1.928464055061340332e+00,-6.161120533943176270e-02,9.871315211057662964e-02,-2.317050397396087646e-01,-1.402844022959470749e-02,-8.479025214910507202e-03,-4.792539402842521667e-05
-1.878052473068237305e+00,-7.116773724555969238e-02,6.049815565347671509e-02,-2.387489080429077148e-01,-1.381618063896894455e-02,-7.761078886687755585e-03,-8.093933574855327606e-04
2.347726076841354370e-01,-1.138495057821273804e-01,2.496116459369659424e-01,3.164618313312530518e-01,1.075462321750819683e-03,7.982997223734855652e-03,-4.457039758563041687e-03
2.274607867002487183e-01,-1.399099379777908325e-01,2.439929246902465820e-01,3.145518302917480469e-01,1.064065727405250072e-03,7.797109894454479218e-03,-4.479195922613143921e-03
2.189781367778778076e-01,-1.751561015844345093e-01,2.383642196655273438e-01,3.130751252174377441e-01,1.084673567675054073e-03,7.584042847156524658e-03,-4.505721852183341980e-03
-1.792373895645141602e+00,4.736779630184173584e-02,1.426527500152587891e-01,-2.457207143306732178e-01,-1.300792209804058075e-02,-6.877252832055091858e-03,-8.972682990133762360e-04
-1.735834360122680664e+00,8.833573758602142334e-02,7.152336090803146362e-02,-2.177393138408660889e-01,-1.248040422797203064e-02,-5.278310738503932953e-03,-1.928539481014013290e-03
-1.692644119262695312e+00,1.394175440073013306e-01,5.182705074548721313e-02,-2.366589307785034180e-01,-1.239619590342044830e-02,-3.936861641705036163e-03,-2.332148142158985138e-03
-1.664821624755859375e+00,1.895516961812973022e-01,1.226494237780570984e-01,-2.523695230484008789e-01,-1.219839509576559067e-02,-3.752598538994789124e-03,-2.240597270429134369e-03
-1.646754026412963867e+00,2.273979634046554565e-01,1.438308656215667725e-01,-2.350926995277404785e-01,-1.198123581707477570e-02,-3.527486929669976234e-03,-2.407517284154891968e-03
-1.612611770629882812e+00,2.414777129888534546e-01,1.222168728709220886e-01,-2.274807393550872803e-01,-1.162853650748729706e-02,-2.797790337353944778e-03,-2.933714538812637329e-03
1.025790929794311523e+00,-3.553537726402282715e-01,3.441817164421081543e-01,1.039152368903160095e-01,-4.673535004258155823e-03,-4.092119634151458740e-03,-7.395651191473007202e-03
1.018071532249450684e+00,-3.127897977828979492e-01,3.250722587108612061e-01,1.004572734236717224e-01,-4.437716677784919739e-03,-3.828897140920162201e-03,-7.132413797080516815e-03
9.510806798934936523e-01,-2.763250470161437988e-01,3.273507356643676758e-01,9.461271017789840698e-02,-4.066620022058486938e-03,-2.505608834326267242e-03,-6.905170157551765442e-03
4.227267205715179443e-02,1.658675819635391235e-01,4.887682199478149414e-01,-2.283401787281036377e-01,-6.227669655345380306e-05,1.799031160771846771e-03,-4.040431231260299683e-03
-9.745738469064235687e-03,-2.267690002918243408e-02,5.150510072708129883e-01,-2.306469678878784180e-01,2.799373178277164698e-04,1.614121720194816589e-03,-3.626165911555290222e-03
-1.190596148371696472e-01,2.809937596321105957e-01,4.153225421905517578e-01,-1.552238464355468750e-01,1.779077458195388317e-03,2.725736703723669052e-03,-2.734584733843803406e-03
-1.333588361740112305e-01,2.876858115196228027e-01,4.140818715095520020e-01,-1.605798304080963135e-01,1.971011050045490265e-03,2.546070609241724014e-03,-2.649980597198009491e-03
-1.108182370662689209e-01,2.841373682022094727e-01,4.260637462139129639e-01,-1.876685619354248047e-01,1.685600611381232738e-03,2.656833734363317490e-03,-2.587276976555585861e-03
-1.150277033448219299e-01,2.855847477912902832e-01,4.219726920127868652e-01,-2.185432314872741699e-01,1.687029260210692883e-03,2.554249484091997147e-03,-2.358016557991504669e-03
-1.181654036045074463e-01,2.611675262451171875e-01,4.186831116676330566e-01,-2.569809854030609131e-01,1.632972504012286663e-03,2.351989969611167908e-03,-2.128219231963157654e-03
-1.354444324970245361e-01,2.549735903739929199e-01,4.088205099105834961e-01,-2.939749956130981445e-01,1.766317407600581646e-03,2.072187606245279312e-03,-1.812114845961332321e-03
-1.189441829919815063e-01,2.358764708042144775e-01,4.107986092567443848e-01,-3.088303506374359131e-01,1.522199134342372417e-03,2.053396776318550110e-03,-1.883682794868946075e-03
-1.088877022266387939e-01,2.303564250469207764e-01,4.126938581466674805e-01,-3.308187425136566162e-01,1.382554764859378338e-03,2.025648020207881927e-03,-1.802677288651466370e-03
-9.633655846118927002e-02,2.266367524862289429e-01,4.172590970993041992e-01,-3.471669554710388184e-01,1.233530114404857159e-03,2.031279727816581726e-03,-1.786113716661930084e-03
-1.081304699182510376e-01,2.146607786417007446e-01,4.175670146942138672e-01,-3.555532395839691162e-01,1.327176461927592754e-03,1.753076910972595215e-03,-1.785760745406150818e-03
-1.819003820419311523e-01,3.978614807128906250e-01,4.160622358322143555e-01,-1.845525801181793213e-01,3.713289275765419006e-03,-3.751227632164955139e-04,-3.756752237677574158e-03
-2.126555293798446655e-01,4.286344647407531738e-01,3.829153776168823242e-01,-1.869566142559051514e-01,4.076372832059860229e-03,-5.833529867231845856e-04,-3.660512156784534454e-03
-1.995915174484252930e-01,4.448585510253906250e-01,3.741822242736816406e-01,-1.919433772563934326e-01,3.847908228635787964e-03,-3.428361378610134125e-04,-3.691618796437978745e-03
-2.128646522760391235e-01,4.511417150497436523e-01,3.596044182777404785e-01,-2.203418314456939697e-01,3.954766783863306046e-03,-5.834321491420269012e-04,-3.500547260046005249e-03
-2.576517462730407715e-01,4.700812697410583496e-01,3.102149367332458496e-01,-2.619906663894653320e-01,4.329165443778038025e-03,-1.131641678512096405e-03,-3.014290239661931992e-03
-2.616629004478454590e-01,3.777435421943664551e-01,3.579445183277130127e-01,-3.840231895446777344e-01,4.143088124692440033e-03,-1.814294606447219849e-03,-2.316511236131191254e-03
-3.140411674976348877e-01,3.573555350303649902e-01,3.846631646156311035e-01,-4.414535462856292725e-01,4.709105938673019409e-03,-2.676270902156829834e-03,-1.913422718644142151e-03
-3.405629992485046387e-01,3.263049125671386719e-01,4.300312399864196777e-01,-5.068538188934326172e-01,4.689182154834270477e-03,-3.070250852033495903e-03,-2.037578262388706207e-03
3.031775951385498047e-01,5.985425412654876709e-02,4.546959698200225830e-01,-2.070741951465606689e-01,-2.929270267486572266e-03,5.184868350625038147e-03,-5.018793977797031403e-03
2.568060159683227539e-01,8.892600238323211670e-02,4.028581082820892334e-01,-2.186727225780487061e-01,-2.448450773954391479e-03,5.777468904852867126e-03,-4.530705511569976807e-03
2.254325300455093384e-01,7.763586938381195068e-02,3.813214302062988281e-01,-2.237110435962677002e-01,-2.097072079777717590e-03,5.625443533062934875e-03,-4.286460578441619873e-03
-4.431623965501785278e-02,-1.447051316499710083e-01,4.765378832817077637e-01,-3.782698512077331543e-01,6.112958071753382683e-04,1.092961989343166351e-03,-2.394013106822967529e-03
4.465281963348388672e-01,1.072886109352111816e+00,5.035719275474548340e-01,-4.122906625270843506e-01,-1.961263769771903753e-04,4.783455282449722290e-03,-5.662770010530948639e-03
5.311513692140579224e-02,1.380413323640823364e-01,4.266591072082519531e-01,-2.892419695854187012e-01,-8.029124001041054726e-04,2.336623147130012512e-03,-3.721463494002819061e-03
4.621361941099166870e-02,1.234734505414962769e-01,4.364244937896728516e-01,-2.994747757911682129e-01,-6.964864442124962807e-04,2.104428131133317947e-03,-3.638823982328176498e-03
4.281762987375259399e-02,1.269545406103134155e-01,4.333887696266174316e-01,-3.004414737224578857e-01,-6.615162128582596779e-04,2.089160028845071793e-03,-3.626017831265926361e-03
4.119721800088882446e-02,1.298523098230361938e-01,4.285448193550109863e-01,-3.045320212841033936e-01,-6.699106888845562935e-04,2.134167589247226715e-03,-3.583022393286228180e-03
3.133694827556610107e-02,1.411432176828384399e-01,4.223545789718627930e-01,-3.059351742267608643e-01,-5.446939030662178993e-04,2.078985795378684998e-03,-3.546592313796281815e-03
1.634941250085830688e-02,1.580827385187149048e-01,4.145170152187347412e-01,-3.063082993030548096e-01,-3.137286694254726171e-04,1.948371529579162598e-03,-3.518839366734027863e-03
1.523100677877664566e-02,1.617880612611770630e-01,4.082080721855163574e-01,-3.094702064990997314e-01,-3.271010646130889654e-04,2.014677971601486206e-03,-3.480585291981697083e-03
1.244571898132562637e-02,1.709653288125991821e-01,4.017832875251770020e-01,-3.239393830299377441e-01,-3.018529096152633429e-04,1.962650567293167114e-03,-3.398112021386623383e-03
6.417342461645603180e-03,1.845166832208633423e-01,3.941433727741241455e-01,-3.383539617061614990e-01,-2.159756550099700689e-04,1.870349980890750885e-03,-3.309259656816720963e-03
-6.836756132543087006e-03,2.080682963132858276e-01,3.769362568855285645e-01,-3.334729373455047607e-01,-4.683350562117993832e-05,1.926042139530181885e-03,-3.284770064055919647e-03
-1.338706817477941513e-02,2.193851321935653687e-01,3.690446913242340088e-01,-3.320854306221008301e-01,3.782231942750513554e-05,1.937646418809890747e-03,-3.267036285251379013e-03
-1.561961919069290161e-01,-1.997441798448562622e-01,3.653406202793121338e-01,-2.028613388538360596e-01,1.960238907486200333e-03,1.762833446264266968e-03,-1.765285152941942215e-03
-1.709733903408050537e-01,-1.949113160371780396e-01,3.905313611030578613e-01,-2.004748880863189697e-01,2.127961255609989166e-03,1.344060990959405899e-03,-2.108533866703510284e-03
-1.721413284540176392e-01,-2.354123443365097046e-01,4.397291243076324463e-01,-2.202089726924896240e-01,2.147633815184235573e-03,1.009446568787097931e-03,-2.267875708639621735e-03
-1.903606504201889038e-01,4.039631485939025879e-01,3.887321949005126953e-01,-2.384175658226013184e-01,3.657554043456912041e-03,-5.647847428917884827e-04,-3.437033854424953461e-03
-1.669847369194030762e-01,4.221895933151245117e-01,3.842000365257263184e-01,-1.938514411449432373e-01,3.334969282150268555e-03,4.822667688131332397e-05,-3.771928139030933380e-03
-1.522371470928192139e-01,4.184465408325195312e-01,3.836150765419006348e-01,-1.813531219959259033e-01,3.072408493608236313e-03,3.531961701810359955e-04,-3.873443230986595154e-03
-4.599980078637599945e-03,1.101575732231140137e+00,7.882496714591979980e-01,1.774503946304321289e+00,2.346484980080276728e-04,-3.615090623497962952e-03,-1.397242769598960876e-02
5.398624576628208160e-03,1.121764302253723145e+00,7.466102242469787598e-01,1.775257229804992676e+00,3.600111813284456730e-05,-3.966108430176973343e-03,-1.416085846722126007e-02
-1.791031807661056519e-01,5.135013163089752197e-02,3.963882327079772949e-01,-1.754700839519500732e-01,2.079809550195932388e-03,5.186200141906738281e-04,-3.291174303740262985e-03
-1.629041880369186401e-01,-1.240517050027847290e-01,4.356074631214141846e-01,-2.136007547378540039e-01,1.511546201072633266e-03,5.638287402689456940e-04,-3.020459320396184921e-03
8.437220454216003418e-01,-8.755769729614257812e-01,1.282685697078704834e-01,-3.669411689043045044e-02,-4.600523971021175385e-03,-2.576593309640884399e-03,-7.266505621373653412e-03
9.591074585914611816e-01,-8.527170419692993164e-01,1.981452107429504395e-01,-8.547363430261611938e-02,-6.358738988637924194e-03,-3.685685805976390839e-03,-7.877256721258163452e-03
1.046827554702758789e+00,-8.316236138343811035e-01,2.396804690361022949e-01,-1.087551042437553406e-01,-7.441073656082153320e-03,-4.288418684154748917e-03,-8.228279650211334229e-03
2.549938857555389404e-01,8.261479437351226807e-02,4.169583916664123535e-01,-2.125159204006195068e-01,-2.553896978497505188e-03,5.363266915082931519e-03,-4.599273204803466797e-03
2.289596349000930786e-01,1.079940646886825562e-01,3.875612616539001465e-01,-2.045627534389495850e-01,-2.266283147037029266e-03,5.758836865425109863e-03,-4.385963082313537598e-03
1.929710358381271362e-01,1.002639681100845337e-01,3.539741039276123047e-01,-2.716864049434661865e-01,-2.187130041420459747e-03,5.613299086689949036e-03,-3.571650478988885880e-03
4.750481992959976196e-02,4.553365111351013184e-01,4.464380443096160889e-01,-1.841171979904174805e-01,2.784756070468574762e-04,5.620883777737617493e-03,-2.475892659276723862e-03
4.319334030151367188e-02,4.302374720573425293e-01,4.260098934173583984e-01,-2.006925642490386963e-01,3.705630660988390446e-05,5.673227831721305847e-03,-2.384648658335208893e-03
2.682541608810424805e-01,9.339527785778045654e-02,4.367372095584869385e-01,-4.024928808212280273e-01,-3.340611234307289124e-03,4.319182597100734711e-03,-3.875516355037689209e-03
2.565298974514007568e-01,1.019261926412582397e-01,4.004192054271697998e-01,-4.329673945903778076e-01,-3.241708502173423767e-03,4.874998703598976135e-03,-3.547502215951681137e-03
2.259827405214309692e-01,1.248026341199874878e-01,3.668233156204223633e-01,-4.511117041110992432e-01,-3.078788518905639648e-03,5.119817331433296204e-03,-3.149432130157947540e-03
-9.006570279598236084e-02,3.431451916694641113e-01,4.259456396102905273e-01,-1.951879560947418213e-01,2.135619986802339554e-03,8.118478581309318542e-04,-3.930754959583282471e-03
-7.893091440200805664e-02,2.849230170249938965e-01,3.800602853298187256e-01,-2.187196612358093262e-01,1.412043231539428234e-03,1.254904083907604218e-03,-3.815164789557456970e-03
-8.526472002267837524e-02,2.922100424766540527e-01,3.577848076820373535e-01,-2.587702572345733643e-01,1.370545360259711742e-03,1.201299019157886505e-03,-3.569507971405982971e-03
-8.487179130315780640e-02,2.927908301353454590e-01,3.551275730133056641e-01,-2.500414550304412842e-01,1.362106180749833584e-03,1.273928210139274597e-03,-3.613474778831005096e-03
6.431562453508377075e-02,1.560748100280761719e+00,3.327757120132446289e-01,-2.589028775691986084e-01,4.437129944562911987e-03,2.192280255258083344e-03,-4.003717564046382904e-03
8.946765214204788208e-02,1.570067286491394043e+00,3.720084726810455322e-01,-2.449771463871002197e-01,4.532137885689735413e-03,1.971340738236904144e-03,-4.320926964282989502e-03
1.097547486424446106e-01,1.390079498291015625e+00,4.390802681446075439e-01,-2.771132886409759521e-01,4.144122358411550522e-03,9.939242154359817505e-04,-4.528194665908813477e-03
1.715758740901947021e-01,1.482892632484436035e+00,4.478891789913177490e-01,-2.967009842395782471e-01,3.736441489309072495e-03,1.465718261897563934e-03,-4.515523090958595276e-03
8.701337128877639771e-02,1.262040019035339355e+00,4.832526445388793945e-01,-2.918255925178527832e-01,4.164436366409063339e-03,1.119119115173816681e-04,-4.459883086383342743e-03
1.444611698389053345e-01,1.471852183341979980e+00,5.151706337928771973e-01,-3.051555752754211426e-01,4.340832121670246124e-03,-3.351224586367607117e-05,-4.812598228454589844e-03
-1.180226445198059082e+00,1.924905538558959961e+00,9.971625357866287231e-02,-2.487161457538604736e-01,1.236130367033183575e-03,-5.247996654361486435e-03,-1.193238981068134308e-02
-1.825537383556365967e-01,1.164149880409240723e+00,3.642637133598327637e-01,-2.444573640823364258e-01,5.936987232416868210e-03,-3.568883985280990601e-04,-3.964215517044067383e-03
-1.717375963926315308e-01,1.121629476547241211e+00,3.605173826217651367e-01,-2.182525992393493652e-01,5.840314086526632309e-03,-9.470526129007339478e-05,-4.092447459697723389e-03
-1.561790108680725098e-01,1.073175311088562012e+00,3.579164445400238037e-01,-1.963064968585968018e-01,5.617124959826469421e-03,8.690683171153068542e-05,-4.224244505167007446e-03
-1.046653166413307190e-01,-5.065696835517883301e-01,4.815651774406433105e-01,-3.748618066310882568e-01,3.259851655457168818e-04,1.160525716841220856e-03,-2.371308393776416779e-03
-9.781242907047271729e-02,-5.405107140541076660e-01,4.786625504493713379e-01,-3.782823979854583740e-01,1.939282810781151056e-04,1.327482983469963074e-03,-2.347455825656652451e-03
-2.635940313339233398e-01,-9.401111304759979248e-02,3.778492510318756104e-01,-2.779680192470550537e-01,2.590555464848875999e-03,1.436248421669006348e-04,-1.920712180435657501e-03
-2.774714231491088867e-01,-8.287428319454193115e-02,3.722305297851562500e-01,-2.835243344306945801e-01,2.751733176410198212e-03,3.060791641473770142e-05,-1.791358925402164459e-03
-2.652219533920288086e-01,-8.008299767971038818e-02,3.769670128822326660e-01,-2.821104824542999268e-01,2.619979903101921082e-03,7.185386493802070618e-05,-1.890187151730060577e-03
-2.573204040527343750e-01,-2.627976238727569580e-02,3.761252164840698242e-01,-2.799008786678314209e-01,2.613754244521260262e-03,-3.375019878149032593e-05,-1.979134976863861084e-03
-2.442908883094787598e-01,5.547197163105010986e-02,3.881393671035766602e-01,-2.812984883785247803e-01,2.805253025144338608e-03,-3.834590315818786621e-04,-2.327919006347656250e-03
-2.383074313402175903e-01,2.024884670972824097e-01,3.856882154941558838e-01,-2.835188508033752441e-01,3.361543640494346619e-03,-8.992191869765520096e-04,-2.697082702070474625e-03
-2.391407042741775513e-01,2.024653404951095581e-01,3.857766389846801758e-01,-2.841354310512542725e-01,3.371512517333030701e-03,-9.106413926929235458e-04,-2.690590452402830124e-03
-2.347758561372756958e-01,2.195065468549728394e-01,4.066531360149383545e-01,-3.040906786918640137e-01,3.394078928977251053e-03,-1.259499462321400642e-03,-2.777980640530586243e-03
-2.296551614999771118e-01,1.560097485780715942e-01,4.386728107929229736e-01,-3.128220438957214355e-01,3.129970747977495193e-03,-1.305180136114358902e-03,-2.775587141513824463e-03
-2.287199050188064575e-01,1.753305643796920776e-01,4.494659602642059326e-01,-3.203407824039459229e-01,3.215864533558487892e-03,-1.397417625412344933e-03,-2.798232249915599823e-03
-2.206122726202011108e-01,1.315236538648605347e-01,5.073931813240051270e-01,-3.173325359821319580e-01,3.058734349906444550e-03,-1.518878620117902756e-03,-2.932135015726089478e-03
8.413491845130920410e-01,1.372636198997497559e+00,2.450323104858398438e-01,-3.099998533725738525e-01,-2.104816958308219910e-03,-3.151073586195707321e-03,-9.403906762599945068e-03
8.247420191764831543e-01,1.406383395195007324e+00,2.298766672611236572e-01,-2.718015611171722412e-01,-1.654460211284458637e-03,-3.308723680675029755e-03,-9.533567354083061218e-03
8.111473321914672852e-01,1.444034934043884277e+00,2.512879371643066406e-01,-2.614612877368927002e-01,-1.351511222310364246e-03,-3.032951150089502335e-03,-9.284924715757369995e-03
7.628341317176818848e-01,1.467590212821960449e+00,2.759147882461547852e-01,-2.035603821277618408e-01,-4.885374801233410835e-04,-2.144349738955497742e-03,-8.974546566605567932e-03
7.569054961204528809e-01,1.469135880470275879e+00,2.743637859821319580e-01,-2.110430002212524414e-01,-3.937222936656326056e-04,-2.186667872592806816e-03,-8.915609680116176605e-03
7.741753458976745605e-01,1.281261920928955078e+00,2.158051133155822754e-01,-2.529874444007873535e-01,-2.447323873639106750e-03,-1.732498873025178909e-03,-8.264710195362567902e-03
7.947226166725158691e-01,1.120579600334167480e+00,1.754314303398132324e-01,-2.762456834316253662e-01,-4.278634209185838699e-03,-5.822847597301006317e-04,-7.226060144603252411e-03
8.085812330245971680e-01,1.048239350318908691e+00,1.596837341785430908e-01,-3.169059753417968750e-01,-5.092017352581024170e-03,5.036592483520507812e-06,-6.304087117314338684e-03
9.954618811607360840e-01,1.545935124158859253e-01,1.696872711181640625e-01,-1.233515813946723938e-01,-4.725397564470767975e-03,-2.574027981609106064e-03,-6.119524128735065460e-03
8.654719591140747070e-01,1.286421656608581543e+00,1.292486190795898438e-01,6.265056133270263672e-01,-2.677487209439277649e-03,1.509020105004310608e-03,-7.938778027892112732e-03
2.093458175659179688e-02,-3.739324808120727539e-01,4.261981546878814697e-01,-2.494752705097198486e-01,-1.512431190349161625e-03,3.399229608476161957e-03,-3.260969650000333786e-03
3.283797949552536011e-02,-5.056886076927185059e-01,4.539580345153808594e-01,-2.861194312572479248e-01,-1.324539189226925373e-03,2.645438537001609802e-03,-2.855604048818349838e-03
1.034436464309692383e+00,-1.114633560180664062e+00,-4.278246313333511353e-03,-1.573805510997772217e-01,-4.167247563600540161e-03,1.390674151480197906e-04,-3.939442336559295654e-03
1.091804429888725281e-01,1.838812083005905151e-01,4.719305038452148438e-01,-4.462812840938568115e-01,-1.030754414387047291e-03,1.671441830694675446e-03,-3.189176321029663086e-03
-6.746559590101242065e-02,1.003144502639770508e+00,3.700119853019714355e-01,-1.894740164279937744e-01,4.149429500102996826e-03,5.021067336201667786e-04,-4.378245212137699127e-03
-2.609295397996902466e-02,2.444866746664047241e-01,4.079877436161041260e-01,-2.046988308429718018e-01,6.774783832952380180e-04,1.789129339158535004e-03,-4.049067385494709015e-03
-1.218984927982091904e-02,2.125670909881591797e-01,4.183032214641571045e-01,-2.273878157138824463e-01,3.943293413612991571e-04,1.800293568521738052e-03,-3.933312371373176575e-03
-1.187591929920017719e-03,1.959536820650100708e-01,4.351480603218078613e-01,-2.493130862712860107e-01,2.642566396389156580e-04,1.725130714476108551e-03,-3.818308934569358826e-03
2.821811474859714508e-03,1.863123923540115356e-01,4.385949671268463135e-01,-2.561672329902648926e-01,1.893587468657642603e-04,1.715828664600849152e-03,-3.780893050134181976e-03
3.424079157412052155e-03,1.843055486679077148e-01,4.430535435676574707e-01,-2.669474780559539795e-01,2.016536018345504999e-04,1.632820814847946167e-03,-3.725999966263771057e-03
-5.972771905362606049e-03,1.950414925813674927e-01,4.469500780105590820e-01,-2.716004550457000732e-01,4.082880041096359491e-04,1.435352955013513565e-03,-3.685336560010910034e-03
-2.789742313325405121e-03,1.879801601171493530e-01,4.532022476196289062e-01,-2.757537961006164551e-01,3.866617626044899225e-04,1.382787711918354034e-03,-3.665105905383825302e-03
-1.440547313541173935e-02,1.969277709722518921e-01,4.566428661346435547e-01,-2.885951101779937744e-01,6.206900579854846001e-04,1.111322082579135895e-03,-3.577424213290214539e-03
-3.972069919109344482e-02,2.007995098829269409e-01,4.582656621932983398e-01,-3.200626671314239502e-01,1.014755922369658947e-03,5.918489769101142883e-04,-3.338505048304796219e-03
-5.001804232597351074e-02,2.009966820478439331e-01,4.593485891819000244e-01,-3.342654407024383545e-01,1.172136864624917507e-03,3.703571856021881104e-04,-3.235407173633575439e-03
-4.993202164769172668e-02,1.974541991949081421e-01,4.613972902297973633e-01,-3.457274734973907471e-01,1.171725685708224773e-03,2.936334349215030670e-04,-3.177142702043056488e-03
-4.620267450809478760e-02,1.772918552160263062e-01,4.782829284667968750e-01,-3.777720034122467041e-01,1.052650506608188152e-03,1.247986219823360443e-04,-3.065136261284351349e-03
-4.800644516944885254e-02,1.738538891077041626e-01,4.820547699928283691e-01,-3.813287913799285889e-01,1.064169104211032391e-03,7.721688598394393921e-05,-3.050445578992366791e-03
-2.330005764961242676e-01,8.892422914505004883e-01,3.162336945533752441e-01,-2.808931469917297363e-01,5.786607041954994202e-03,-1.340668415650725365e-03,-3.537569660693407059e-03
-2.511125802993774414e-01,1.038649439811706543e+00,3.485165238380432129e-01,-3.144530057907104492e-01,6.719552911818027496e-03,-2.062289277091622353e-03,-3.480287734419107437e-03
-1.903632730245590210e-01,1.356410264968872070e+00,3.498587608337402344e-01,-3.485669493675231934e-01,7.100500166416168213e-03,-1.985155511647462845e-03,-3.646366763859987259e-03
-9.822813421487808228e-02,-4.129505753517150879e-01,4.393143355846405029e-01,-3.318307101726531982e-01,3.612790314946323633e-04,1.225801650434732437e-03,-2.368852961808443069e-03
-1.028565093874931335e-01,-4.039493799209594727e-01,4.638434052467346191e-01,-3.515052795410156250e-01,5.653927801176905632e-04,7.231705822050571442e-04,-2.380216494202613831e-03
-1.509091854095458984e+00,4.743382334709167480e-01,-1.103953272104263306e-02,-4.154920279979705811e-01,-1.088377367705106735e-02,1.661985646933317184e-03,-4.210638813674449921e-03
-1.488362550735473633e+00,4.566109180450439453e-01,-1.108095794916152954e-02,-4.373229444026947021e-01,-1.117010228335857391e-02,1.635340042412281036e-03,-4.236657172441482544e-03
-1.470867276191711426e+00,4.318846464157104492e-01,-2.914145588874816895e-04,-4.908515512943267822e-01,-1.158784423023462296e-02,1.479939557611942291e-03,-4.159269854426383972e-03
-1.572860002517700195e+00,-1.204832047224044800e-01,-3.203707337379455566e-01,-2.692737877368927002e-01,-1.102300547063350677e-02,-1.257076859474182129e-03,-7.613493129611015320e-03
-1.002846956253051758e-01,1.522965729236602783e-02,3.572602868080139160e-01,-3.560404181480407715e-01,3.992518468294292688e-04,1.597035676240921021e-03,-2.324490807950496674e-03
-8.700018376111984253e-02,-3.298823535442352295e-02,3.895235061645507812e-01,-3.419759571552276611e-01,4.071317671332508326e-04,1.437236554920673370e-03,-2.517433371394872665e-03
-9.633226692676544189e-02,-8.374744653701782227e-02,4.297111928462982178e-01,-3.432608842849731445e-01,7.540386868640780449e-04,8.217850700020790100e-04,-2.508136443793773651e-03
-5.271996185183525085e-02,2.762851119041442871e-01,4.519429802894592285e-01,-2.397346496582031250e-01,1.480788807384669781e-03,8.596586994826793671e-04,-3.779653459787368774e-03
-4.003013670444488525e-02,2.364571839570999146e-01,4.220918715000152588e-01,-2.906816601753234863e-01,8.754370501264929771e-04,1.096828840672969818e-03,-3.523092716932296753e-03
-7.463607937097549438e-02,2.835565209388732910e-01,3.748126626014709473e-01,-3.671183288097381592e-01,1.252778223715722561e-03,5.146134644746780396e-04,-3.080399241298437119e-03
-1.038439124822616577e-01,3.323238492012023926e-01,3.358669281005859375e-01,-3.960652351379394531e-01,1.580138574354350567e-03,4.130462184548377991e-04,-2.774484455585479736e-03
-2.389861643314361572e-01,3.748795390129089355e-01,3.636659085750579834e-01,-3.149576783180236816e-01,4.040061496198177338e-03,-1.453742152079939842e-03,-2.836307510733604431e-03
-2.531185448169708252e-01,4.168863296508789062e-01,3.589156866073608398e-01,-2.864010334014892578e-01,4.416040144860744476e-03,-1.492350827902555466e-03,-2.963790670037269592e-03
-2.509483695030212402e-01,4.260573387145996094e-01,3.572518825531005859e-01,-2.739389538764953613e-01,4.432478453963994980e-03,-1.404206734150648117e-03,-3.038135822862386703e-03
-2.209321558475494385e-01,4.536243081092834473e-01,3.542444705963134766e-01,-2.359339594841003418e-01,4.066266119480133057e-03,-7.587880827486515045e-04,-3.376171924173831940e-03
-2.136232107877731323e-01,4.614238739013671875e-01,3.668239116668701172e-01,-1.832282245159149170e-01,4.060693085193634033e-03,-4.452550783753395081e-04,-3.701044712215662003e-03
-2.293173074722290039e-01,4.856492877006530762e-01,3.685261905193328857e-01,-1.334230303764343262e-01,4.389601759612560272e-03,-3.862269222736358643e-04,-3.906831145286560059e-03
-3.426341712474822998e-01,4.127090573310852051e-01,4.294370114803314209e-01,-2.864365875720977783e-01,5.641094408929347992e-03,-2.866278402507305145e-03,-2.913447096943855286e-03
-3.475679457187652588e-01,3.901681303977966309e-01,4.662083387374877930e-01,-3.385311663150787354e-01,5.501122213900089264e-03,-3.256720956414937973e-03,-2.843633294105529785e-03
-8.923659920692443848e-01,-2.201464176177978516e+00,-6.130405515432357788e-02,-7.303079366683959961e-01,-1.339436974376440048e-02,-5.087375640869140625e-03,4.294630140066146851e-03
-9.343027472496032715e-01,-2.341328859329223633e+00,5.010971426963806152e-02,-7.176121473312377930e-01,-1.554593816399574280e-02,-8.258184418082237244e-03,9.743947535753250122e-03
-2.314647883176803589e-01,-1.131482005119323730e+00,3.697078824043273926e-01,-4.462898075580596924e-01,-2.442012482788413763e-04,-1.021269708871841431e-04,-7.613124325871467590e-04
-2.194734066724777222e-01,-1.009605050086975098e+00,3.250423371791839600e-01,-3.935320675373077393e-01,5.780564388260245323e-04,4.094103351235389709e-04,-1.271507702767848969e-03
-2.499929219484329224e-01,-1.018272519111633301e+00,3.223981559276580811e-01,-3.949486613273620605e-01,8.536897366866469383e-04,2.423534169793128967e-04,-1.295349560678005219e-03
-2.656787037849426270e-01,-1.005400776863098145e+00,3.165645897388458252e-01,-3.697266876697540283e-01,1.135613187216222286e-03,3.736675716936588287e-04,-1.579585485160350800e-03
-1.254997253417968750e-01,3.525682687759399414e-01,3.297716975212097168e-01,-3.735821545124053955e-01,1.933121937327086926e-03,2.388991415500640869e-04,-2.863436937332153320e-03
-1.859612017869949341e-01,3.838033676147460938e-01,4.190614521503448486e-01,-2.235706448554992676e-01,3.654424799606204033e-03,-5.934224463999271393e-04,-3.535516560077667236e-03
-1.865122765302658081e-01,3.277788162231445312e-01,4.758710265159606934e-01,-2.791883945465087891e-01,3.458332270383834839e-03,-1.031902385875582695e-03,-3.339211456477642059e-03
-2.079142481088638306e-01,-6.153300404548645020e-03,5.067979693412780762e-01,-3.184672892093658447e-01,2.262448659166693687e-03,-1.128672854974865913e-03,-2.638018690049648285e-03
2.570466399192810059e-01,-2.480315715074539185e-01,3.839895725250244141e-01,-3.312122821807861328e-01,-3.547586500644683838e-03,6.798073649406433105e-03,-3.207228146493434906e-03
3.300320208072662354e-01,-2.622066438198089600e-02,4.520429968833923340e-01,-3.262192904949188232e-01,-3.273218870162963867e-03,5.574090406298637390e-03,-4.550998099148273468e-03
2.884039878845214844e-01,-7.005587220191955566e-03,4.185944795608520508e-01,-2.966963052749633789e-01,-2.933779731392860413e-03,5.902906879782676697e-03,-4.328524693846702576e-03
2.717752754688262939e-01,5.930051207542419434e-03,4.056336283683776855e-01,-2.493127286434173584e-01,-2.589203417301177979e-03,6.338704377412796021e-03,-4.388195462524890900e-03
2.463256716728210449e-01,-9.417086839675903320e-04,4.013957977294921875e-01,-2.335870265960693359e-01,-2.299187704920768738e-03,5.854512564837932587e-03,-4.386640153825283051e-03
-1.039469957351684570e+00,9.237361550331115723e-01,-1.852639019489288330e-01,-1.726606190204620361e-01,-5.130129400640726089e-03,9.317701682448387146e-03,-1.165465451776981354e-02
-1.071702003479003906e+00,9.291300773620605469e-01,-2.075827717781066895e-01,-2.050585448741912842e-01,-5.627620033919811249e-03,8.672280237078666687e-03,-1.138011552393436432e-02
-1.113319873809814453e+00,9.906126260757446289e-01,-2.945844233036041260e-01,-1.889146268367767334e-01,-5.887564271688461304e-03,6.800208240747451782e-03,-1.102262362837791443e-02
-1.169753789901733398e+00,9.956637024879455566e-01,-3.073316812515258789e-01,-1.881620585918426514e-01,-6.147996522486209869e-03,6.046021357178688049e-03,-1.062119193375110626e-02
-1.190692901611328125e+00,9.977302551269531250e-01,-3.247603774070739746e-01,-1.377935707569122314e-01,-5.835959687829017639e-03,5.567779764533042908e-03,-1.056172698736190796e-02
6.832979321479797363e-01,-2.025546312332153320e+00,1.327012479305267334e-01,-2.911301851272583008e-01,-1.311318762600421906e-02,-6.318867206573486328e-03,-6.854383274912834167e-03
6.744576096534729004e-01,-2.047639608383178711e+00,1.332295835018157959e-01,-3.050401806831359863e-01,-1.333798654377460480e-02,-6.388760171830654144e-03,-6.747238337993621826e-03
6.524806022644042969e-01,-2.063136339187622070e+00,1.342338323593139648e-01,-3.204542100429534912e-01,-1.362220477312803268e-02,-6.311376579105854034e-03,-6.813758052885532379e-03
6.349727511405944824e-01,-2.088016510009765625e+00,1.451114416122436523e-01,-3.561784625053405762e-01,-1.420503482222557068e-02,-6.279291119426488876e-03,-6.964651867747306824e-03
-1.017585769295692444e-01,2.331606447696685791e-01,4.910494685173034668e-01,-3.500597178936004639e-01,2.022976055741310120e-03,-4.814760759472846985e-04,-3.145277965813875198e-03
2.971745729446411133e-01,-5.415399074554443359e-01,-5.452925339341163635e-02,1.031232953071594238e+00,5.957769230008125305e-03,4.149578511714935303e-03,-9.429952129721641541e-03
-6.189752817153930664e-01,1.543352723121643066e+00,-1.274569481611251831e-01,-5.752623826265335083e-02,1.192902331240475178e-03,3.961926326155662537e-03,-1.312264986336231232e-02
-6.187114715576171875e-01,1.658843159675598145e+00,-9.876567125320434570e-02,-6.358898431062698364e-02,2.120676916092634201e-03,3.323847427964210510e-03,-1.342359185218811035e-02
-6.365910172462463379e-01,1.623297572135925293e+00,-3.214961290359497070e-02,3.778525441884994507e-02,3.831835696473717690e-03,3.151884302496910095e-03,-1.329790614545345306e-02
-1.251637339591979980e-01,3.026319742202758789e-01,4.675612449645996094e-01,-1.655564904212951660e-01,2.698633819818496704e-03,3.780666738748550415e-04,-3.794454969465732574e-03
-3.524020314216613770e-01,1.104915380477905273e+00,3.778959512710571289e-01,-3.515419065952301025e-01,7.743921130895614624e-03,-3.275851951912045479e-03,-3.088903613388538361e-03
-3.386325240135192871e-01,1.101002812385559082e+00,3.932462930679321289e-01,-3.637678921222686768e-01,7.642981130629777908e-03,-3.158480627462267876e-03,-3.138580359518527985e-03
-2.660776078701019287e-01,1.111147046089172363e+00,1.110301017761230469e+00,6.748266220092773438e-01,1.322728767991065979e-02,-3.264863044023513794e-04,-1.114272605627775192e-02
-1.359301328659057617e+00,1.033558249473571777e+00,4.485315382480621338e-01,-2.398260235786437988e-01,-4.041286185383796692e-03,5.351584404706954956e-04,-6.922249682247638702e-03
-2.340828329324722290e-01,5.007284283638000488e-01,4.340263605117797852e-01,-3.935884237289428711e-01,4.515765234827995300e-03,-1.278172479942440987e-03,-2.506506629288196564e-03
-1.708187460899353027e-01,5.192328095436096191e-01,4.554852247238159180e-01,-4.352795183658599854e-01,3.860988188534975052e-03,-1.193880802020430565e-03,-2.483168616890907288e-03
4.159234464168548584e-01,-1.626476645469665527e-03,5.293167829513549805e-01,-2.278777956962585449e-01,-3.326443023979663849e-03,5.175514146685600281e-03,-6.103192456066608429e-03
4.131373763084411621e-01,1.294304430484771729e-02,5.328733325004577637e-01,-1.889348626136779785e-01,-3.197178244590759277e-03,5.175518803298473358e-03,-6.332876160740852356e-03
3.933884799480438232e-01,3.334914147853851318e-02,5.266950726509094238e-01,-1.553438603878021240e-01,-2.882500179111957550e-03,5.015852861106395721e-03,-6.327655166387557983e-03
3.956619203090667725e-01,2.742914855480194092e-02,5.197624564170837402e-01,-9.199891239404678345e-02,-1.475555007345974445e-03,5.656201392412185669e-03,-7.318878546357154846e-03
3.937189280986785889e-01,1.648025214672088623e-02,5.277952551841735840e-01,-2.242857962846755981e-02,-2.547242620494216681e-04,5.984124727547168732e-03,-7.957641966640949249e-03
-4.118305817246437073e-02,-2.233707755804061890e-01,4.669862985610961914e-01,-3.761537075042724609e-01,1.831538102123886347e-04,1.311857253313064575e-03,-2.223050687462091446e-03
-5.948796495795249939e-02,-2.089230567216873169e-01,4.490279853343963623e-01,-4.054050743579864502e-01,2.116289979312568903e-04,1.302758231759071350e-03,-1.978095155209302902e-03
-8.517001271247863770e-01,3.496694564819335938e-01,3.123837709426879883e-02,-2.209492325782775879e-01,-3.057578112930059433e-03,5.331823602318763733e-03,-8.864393457770347595e-03
-9.734696149826049805e-01,3.813815116882324219e-01,-8.912086486816406250e-03,-2.334373891353607178e-01,-4.620250314474105835e-03,5.214476957917213440e-03,-9.347337298095226288e-03
-1.008013248443603516e+00,4.060186743736267090e-01,-3.803496807813644409e-02,-1.813786327838897705e-01,-4.804549738764762878e-03,5.368096753954887390e-03,-9.778916835784912109e-03
-1.230391189455986023e-01,6.157316267490386963e-02,4.023288190364837646e-01,-3.801955580711364746e-01,1.251181471161544323e-03,1.022074371576309204e-03,-1.884415745735168457e-03
-1.105356439948081970e-01,3.110010921955108643e-02,4.340055584907531738e-01,-3.630375564098358154e-01,1.213796320371329784e-03,8.351947180926799774e-04,-2.240459434688091278e-03
2.717491984367370605e-01,6.382958590984344482e-02,5.138039588928222656e-01,-2.438300251960754395e-01,-2.972979098558425903e-03,3.837837837636470795e-03,-4.984024912118911743e-03
6.488454341888427734e-01,1.578549593687057495e-01,1.836204528808593750e-01,-4.257673919200897217e-01,-5.828307475894689560e-03,8.096154779195785522e-04,-4.162046127021312714e-03
6.054740548133850098e-01,1.476938128471374512e-01,1.490194201469421387e-01,-3.801745474338531494e-01,-4.494918510317802429e-03,1.510540023446083069e-03,-3.913497552275657654e-03
9.030077606439590454e-02,1.433434933423995972e-01,5.168777108192443848e-01,-4.029427170753479004e-01,-6.293357582762837410e-04,1.228393521159887314e-03,-3.401014022529125214e-03
-3.537964820861816406e-01,4.293692111968994141e-01,3.750760555267333984e-01,-2.337611913681030273e-01,5.676859058439731598e-03,-2.654862124472856522e-03,-2.920714672654867172e-03
-3.497720658779144287e-01,4.601001739501953125e-01,3.634655177593231201e-01,-2.295090556144714355e-01,5.681246519088745117e-03,-2.679575700312852859e-03,-2.890640869736671448e-03
-3.284637033939361572e-01,5.357804894447326660e-01,3.297663927078247070e-01,-2.304867506027221680e-01,5.577854812145233154e-03,-2.453400054946541786e-03,-2.843495458364486694e-03
-3.128777444362640381e-01,5.698894262313842773e-01,3.059732317924499512e-01,-2.280462980270385742e-01,5.355442874133586884e-03,-2.021879190579056740e-03,-2.832924015820026398e-03
-1.665651351213455200e-01,3.913665413856506348e-01,4.177013635635375977e-01,-1.720668971538543701e-01,3.474780591204762459e-03,-1.166090369224548340e-04,-3.862311132252216339e-03
-1.663229018449783325e-01,3.856763839721679688e-01,4.248656630516052246e-01,-1.810956299304962158e-01,3.500026417896151543e-03,-2.130903303623199463e-04,-3.811700269579887390e-03
-1.884993463754653931e-01,3.819941878318786621e-01,4.343938231468200684e-01,-2.028337717056274414e-01,3.746072296053171158e-03,-6.008930504322052002e-04,-3.662836737930774689e-03
-1.851215809583663940e-01,3.698176145553588867e-01,4.549551010131835938e-01,-2.166329026222229004e-01,3.678464330732822418e-03,-7.335536647588014603e-04,-3.643562551587820053e-03
-1.784638315439224243e-01,3.654834628105163574e-01,4.672946929931640625e-01,-2.091706693172454834e-01,3.617218695580959320e-03,-6.805574521422386169e-04,-3.716803155839443207e-03
-2.473360747098922729e-01,3.751392960548400879e-01,3.656910061836242676e-01,-3.146984279155731201e-01,4.156276583671569824e-03,-1.562111079692840576e-03,-2.811780665069818497e-03
-2.391974180936813354e-01,3.981104493141174316e-01,3.525668978691101074e-01,-3.166579306125640869e-01,4.092351067811250687e-03,-1.420360291376709938e-03,-2.816718537360429764e-03
-2.261449247598648071e-01,4.207317233085632324e-01,3.402044177055358887e-01,-3.205033838748931885e-01,3.911587409675121307e-03,-1.219723839312791824e-03,-2.841393463313579559e-03
-2.303702384233474731e-01,4.387490749359130859e-01,3.128665685653686523e-01,-3.201072514057159424e-01,3.795850090682506561e-03,-9.318753145635128021e-04,-2.760951407253742218e-03
-2.527306079864501953e-01,4.633985161781311035e-01,2.921801805496215820e-01,-3.321698606014251709e-01,3.987549804151058197e-03,-1.073829364031553268e-03,-2.362628467381000519e-03
-1.323209851980209351e-01,3.966136574745178223e-01,3.934075832366943359e-01,-1.737519204616546631e-01,2.763930708169937134e-03,5.847681313753128052e-04,-3.960265778005123138e-03
-1.402320563793182373e-01,3.988968729972839355e-01,3.914009332656860352e-01,-1.836415231227874756e-01,2.874210476875305176e-03,4.495047032833099365e-04,-3.882249817252159119e-03
-1.373218297958374023e-01,3.997769951820373535e-01,3.910322189331054688e-01,-1.792403757572174072e-01,2.832270227372646332e-03,5.105626769363880157e-04,-3.917199559509754181e-03
-1.312471330165863037e-01,3.931814432144165039e-01,3.936690092086791992e-01,-1.768059730529785156e-01,2.736070659011602402e-03,5.838838405907154083e-04,-3.944100812077522278e-03
-1.300776004791259766e-01,3.934677839279174805e-01,3.941484689712524414e-01,-1.747629642486572266e-01,2.723280340433120728e-03,6.051431410014629364e-04,-3.959513269364833832e-03
-1.323209851980209351e-01,3.966136574745178223e-01,3.934075832366943359e-01,-1.737519204616546631e-01,2.763930708169937134e-03,5.847681313753128052e-04,-3.960265778005123138e-03
-5.827314406633377075e-02,2.626390457153320312e-01,3.704655170440673828e-01,-3.105662465095520020e-01,8.886827854439616203e-04,1.233533024787902832e-03,-3.364170435816049576e-03
-5.475647747516632080e-02,2.605250477790832520e-01,3.659152984619140625e-01,-2.425206601619720459e-01,8.569330675527453423e-04,1.670774072408676147e-03,-3.725387156009674072e-03
3.436146974563598633e-01,-1.400266587734222412e-02,4.331799149513244629e-01,-4.186375439167022705e-01,-3.479864448308944702e-03,5.757915787398815155e-03,-4.271973855793476105e-03
-2.549535781145095825e-02,2.207158356904983521e-01,4.219766259193420410e-01,-4.251792728900909424e-01,6.060426821932196617e-04,5.159182474017143250e-04,-2.858825027942657471e-03
2.951235324144363403e-02,2.193834036588668823e-01,4.802168607711791992e-01,-2.051630914211273193e-01,3.244079707656055689e-04,2.817648462951183319e-03,-3.669194411486387253e-03
4.758059233427047729e-02,1.684526652097702026e-01,4.341964721679687500e-01,-2.803963124752044678e-01,-4.375568532850593328e-04,3.264483064413070679e-03,-3.298651427030563354e-03
3.736495971679687500e-02,1.597722321748733521e-01,4.332800507545471191e-01,-2.838923931121826172e-01,-3.676033520605415106e-04,3.114973194897174835e-03,-3.254658076912164688e-03
2.987283468246459961e-02,1.268861144781112671e-01,4.026437103748321533e-01,-3.483954071998596191e-01,-6.506267236545681953e-04,2.999735064804553986e-03,-2.840446308255195618e-03
-7.808692008256912231e-02,-1.615365147590637207e-01,4.403746724128723145e-01,-4.063956439495086670e-01,7.959281792864203453e-04,7.401481270790100098e-04,-1.880675554275512695e-03
-5.297709256410598755e-02,-1.796166151762008667e-01,4.715729355812072754e-01,-4.091600179672241211e-01,5.425260169431567192e-04,7.765693590044975281e-04,-2.094081602990627289e-03
-2.687149643898010254e-01,1.165349781513214111e-02,4.623681902885437012e-01,-3.009799420833587646e-01,3.416697261855006218e-03,-1.243683742359280586e-03,-2.460452727973461151e-03
-2.479255050420761108e-01,-7.865324616432189941e-03,4.592208266258239746e-01,-3.490348458290100098e-01,3.032395383343100548e-03,-1.126913586631417274e-03,-2.228562720119953156e-03
-3.086131513118743896e-01,5.060367286205291748e-02,4.719550013542175293e-01,-3.842611014842987061e-01,3.812378505244851112e-03,-2.284579211845993996e-03,-2.038625534623861313e-03
